URL,ProjectName,NotExisted,Description,PyPITags,Status,LastCommitDate,DataWritten
https://github.com/MatteoLacki/aa2atom,aa2atom,,Change amino-acidic sequence into counts of atoms.," TagsMass Spectrometry, fasta, Analitical Chemistry, Amino acids",,,
https://github.com/kootenpv/access_points,access_points,,,,,,
https://github.com/NightKhaos/accustom,accustom,,"CloudFormation Accustom
CloudFormation Accustom is a library for responding to Custom Resources in AWS CloudFormation using the decorator pattern.

This library provides a cfnresponse method, some helper static classes, and some decorator methods to help with the function."," Tagscloudformation, lambda, custom, resource, decorator",,,
https://github.com/fp12/achallonge,achallonge,,,,,,
https://github.com/centrifugal/adjacent,adjacent,,,,,,
https://github.com/bethgelab/adversarial-vision-challenge,adversarial-vision-challenge,,,,Dead,,
https://github.com/Apstra/aeon-venos,aeon-venos,,,,,,
https://github.com/datamade/affinegap,affinegap,,,,,,
https://github.com/royels/Affirmpy,Affirmpy,,,,,,
https://github.com/tkukushkin/aioamqp-consumer-best,aioamqp-consumer-best,,,,,,
https://github.com/kennedyshead/aioasuswrt,aioasuswrt,,,,,,
https://github.com/rob-blackbourn/aiohttp-route-middleware,aiohttp-route-middleware,,,,,,
https://github.com/rominf/aiojira,aiojira,,,,,,
https://github.com/macrovve/aisparser,aisparser,,,,,,
https://github.com/numat/alicat,alicat,,,,,,
https://github.com/UCDavisLibrary/almapipy,almapipy,,,,,,
https://github.com/EliFinkelshteyn/alphabet-detector,alphabet-detector,,,,,,
https://github.com/portfoliome/alphavantage,alphavantage,,,,,,
https://github.com/ramon-oliveira/aorun,aorun,,,,,,
https://github.com/caronc/apprise,apprise,,,,,,
https://github.com/MineRobber9000/archive-cdx,archive-cdx,,,,,,
https://github.com/Esri/ArcREST,ArcREST,,,,,,
https://github.com/pawamoy/aria2p,aria2p,,,,,,
https://github.com/HDE/arsenic,arsenic,,,,,,
https://github.com/kariminf/aruudy,aruudy,,,,,,
https://github.com/victor-torres/as_list,as_list,,,,,,
https://github.com/danielhrisca/asammdf,asammdf,,,,,,
https://github.com/yannforget/asarapi,asarapi,,,,,,
https://github.com/kootenpv/aserve,aserve,,,,,,
https://github.com/theelous3/asks,asks,,,,,,
https://github.com/fabregas/asynces,asynces,,,,,,
https://github.com/realcr/asyncio_time_travel,asyncio_time_travel,,,,,,
https://github.com/igorcoding/asynctnt,asynctnt,,,,,,
https://github.com/igorcoding/asynctnt-queue,asynctnt-queue,,,,,,
https://github.com/maxcountryman/atomos,atomos,,,,,,
https://github.com/ynop/audiomate,audiomate,,,,,,
https://github.com/ClimbsRocks/auto_ml,auto_ml,,,,,,
https://github.com/magnusax/AutoML,AutoML,,,,,,
https://github.com/sibblegp/b2blaze,b2blaze,,,,,,
https://github.com/tksmd/backloglib,backloglib,,,,,,
https://github.com/gortiz-v/bamboopy,bamboopy,,,,,,
https://github.com/numat/baratron,baratron,,,,,,
https://github.com/agalera/basicevents,basicevents,,,,,,
https://github.com/jccriado/basisgen,basisgen,,,,,,
https://github.com/jimporter/bfg9000,bfg9000,,,,,,
https://github.com/savkov/bioeval,bioeval,,,,,,
https://github.com/ryanmcdermott/birdseed,birdseed,,,,,,
https://github.com/Destiner/blocksmith,blocksmith,,,,,,
https://github.com/bocadilloproject/bocadillo,bocadillo,,,,,,
https://github.com/git-afsantos/bonsai,bonsai,,,,,,
https://github.com/Esukhia/bophono,bophono,,,,,,
https://github.com/agalera/bottle-errorsrest,bottle-errorsrest,,,,,,
https://github.com/agalera/bottlejwt,bottlejwt,,,,,,
https://github.com/chamilad/breadpool,breadpool,,,,,,
https://github.com/kikocorreoso/brythonmagic,brythonmagic,,,,,,
https://github.com/btcpayserver/btcpay-python,btcpay-python,,,,,,
https://github.com/yanwarsolahudinn/budiluhur-jadwal,budiluhur-jadwal,,,,,,
https://github.com/bartbroere/bunqclient,bunqclient,,,,,,
https://github.com/seppemans/businesstimedelta,businesstimedelta,,,,,,
https://github.com/buttercms/buttercms-python,buttercms-python,,,,,,
https://github.com/benjimor/CaLi,CaLi,,,,,,
https://github.com/sionide21/camo-client,camo-client,,,,,,
https://github.com/brunogrande/cancer_api,cancer_api,,,,,,
https://github.com/ucfopen/canvasapi,canvasapi,,,,,,
https://github.com/cjmackey/carlcm,carlcm,,,,,,
https://github.com/rajatsen91/CCIT,CCIT,,,,,,
https://github.com/CouncilDataProject/cdptools,cdptools,,,,,,
https://github.com/MnogoByte/celery-graceful-stop,celery-graceful-stop,,,,,,
https://github.com/MartinThoma/cfg_load,cfg_load,,,,,,
https://github.com/joelklabo/cfgtodict,cfgtodict,,,,,,
https://github.com/jorgebastida/cfn-response,cfn-response,,,,,,
https://github.com/hinnerk/cftpl,cftpl,,,,,,
https://github.com/polyledger/chainbridge,chainbridge,,,,,,
https://github.com/sandervoerman/channels,channels,,,,,,
https://github.com/chemfiles/chemfiles,chemfiles,,,,,,
https://github.com/mattloper/chumpy,chumpy,,,,,,
https://github.com/counsyl/civet,civet,,,,,,
https://github.com/data61/clkhash,clkhash,,,,,,
https://github.com/bradmontgomery/clog,clog,,,,,,
https://github.com/cloudmesh/cloudmesh-common,cloudmesh-common,,,,,,
https://github.com/cloudmesh/cloudmesh.common,cloudmesh.common,,,,,,
https://github.com/awslabs/cloudwatch-fluent-metrics,cloudwatch-fluent-metrics,,,,,,
https://github.com/crdoconnor/commandlib,commandlib,,,,,,
https://github.com/despawnerer/computer,computer,,,,,,
https://github.com/Preston-Landers/concurrent-log-handler,concurrent-log-handler,,,,,,
https://github.com/Frky/confiture,confiture,,,,,,
https://github.com/kootenpv/contractions,contractions,,,,,,
https://github.com/fitnr/convertdate,convertdate,,,,,,
https://github.com/yusugomori/conveyer,conveyer,,,,,,
https://github.com/joeblackwaslike/couchdiscover,couchdiscover,,,,,,
https://github.com/hardwario/cpgw,cpgw,,,,,,
https://github.com/babinyurii/crispr_cas9,crispr_cas9,,,,,,
https://github.com/Salamek/cron-descriptor,cron-descriptor,,,,,,
https://github.com/fxpgr/cryptojp,cryptojp,,,,,,
https://github.com/juancarlospaco/css-html-js-minify,css-html-js-minify,,,,,,
https://github.com/Aleksander-Drozd/csvwlib,csvwlib,,,,,,
https://github.com/Gjum/CursingSpock,CursingSpock,,,,,,
https://github.com/whoophee/d2api,d2api,,,,,,
https://github.com/terrencepreilly/darglint,darglint,,,,,,
https://github.com/xtream1101/data-converter,data-converter,,,,,,
https://github.com/reingart/dbg,dbg,,,,,,
https://github.com/linville/delcom904x,delcom904x,,,,,,
https://github.com/felipemfp/dicio,dicio,,,,,,
https://github.com/AberystwythSystemsBiology/dimedbpy,dimedbpy,,,,,,
https://github.com/questrail/dirwalker,dirwalker,,,,,,
https://github.com/lacava/DistanceClassifier,DistanceClassifier,,,,,,
https://github.com/victorfsf/django-admin-colors,django-admin-colors,,,,,,
https://github.com/Picasel/django-admitad,django-admitad,,,,,,
https://github.com/sjkingo/django-breadcrumbs3,django-breadcrumbs3,,,,,,
https://github.com/mgrp/django-cachekiller,django-cachekiller,,,,,,
https://github.com/limpbrains/django-cc,django-cc,,,,,,
https://github.com/matwey/django-collectd-rest,django-collectd-rest,,,,,,
https://github.com/tekton/django-compress-react,django-compress-react,,,,,,
https://github.com/ImperialCollegeLondon/django-drf-filepond,django-drf-filepond,,,,,,
https://github.com/seawolf42/django-drupal-auth-backend,django-drupal-auth-backend,,,,,,
https://github.com/Miserlou/django-easy-api,django-easy-api,,,,,,
https://github.com/Miserlou/django-easy-split,django-easy-split,,,,,,
https://github.com/osule/django-envie,django-envie,,,,,,
https://github.com/naviens/django-fcm,django-fcm,,,,,,
https://github.com/roverdotcom/django-fuelsdk,django-fuelsdk,,,,,,
https://github.com/brejoc/django-intercoolerjs,django-intercoolerjs,,,,,,
https://github.com/django-xxx/django-ip,django-ip,,,,,,
https://github.com/ah450/django-json-404-middleware,django-json-404-middleware,,,,,,
https://github.com/jpadilla/django-jwt-auth,django-jwt-auth,,,,,,
https://github.com/melizalab/django-lab-inventory,django-lab-inventory,,,,,,
https://github.com/9999years/django-mdbook,django-mdbook,,,,,,
https://github.com/michal-stuglik/django-mips,django-mips,,,,,,
https://github.com/Apkawa/django-modeltranslation-rosetta,django-modeltranslation-rosetta,,,,,,
https://github.com/kevin1024/django-npm,django-npm,,,,,,
https://github.com/sanketsaurav/django-octicons,django-octicons,,,,,,
https://github.com/Goldcap/django-operis,django-operis,,,,,,
https://github.com/gonnamake/django-phone-login,django-phone-login,,,,,,
https://github.com/jrpotter/django-pipeline-node-sass,django-pipeline-node-sass,,,,,,
https://github.com/coldmind/django-postgres-pgpfields,django-postgres-pgpfields,,,,,,
https://github.com/mirumee/django-prices-openexchangerates,django-prices-openexchangerates,,,,,,
https://github.com/ybulach/django-rest-apikey,django-rest-apikey,,,,,,
https://github.com/apragacz/django-rest-registration,django-rest-registration,,,,,,
https://github.com/django-xxx/django-rlog,django-rlog,,,,,,
https://github.com/bashu/django-simple-currencies,django-simple-currencies,,,,,,
https://github.com/thibault/django-simple-sms,django-simple-sms,,,,,,
https://github.com/nalourie/django-tagconstants,django-tagconstants,,,,,,
https://github.com/TailorDev/django-tailordev-biblio,django-tailordev-biblio,,,,,,
https://github.com/nschlemm/django-themeswitch,django-themeswitch,,,,,,
https://github.com/laginha/django-throttling,django-throttling,,,,,,
https://github.com/AmrAnwar/django-thumb,django-thumb,,,,,,
https://github.com/django-xxx/django-uri,django-uri,,,,,,
https://github.com/uptick/django-xauth,django-xauth,,,,,,
https://github.com/vmware/django-yamlconf,django-yamlconf,,,,,,
https://github.com/popham/djbehave,djbehave,,,,,,
https://github.com/DBuildService/dockerfile-parse,dockerfile-parse,,,,,,
https://github.com/backbohne/docx-xslt,docx-xslt,,,,,,
https://github.com/dogebuild/dogebuild,dogebuild,,,,,,
https://github.com/bcho/donkey,donkey,,,,,,
https://github.com/Muterra/donna25519,donna25519,,,,,,
https://github.com/sandyjmacdonald/dots_for_microarrays,dots_for_microarrays,,,,,,
https://github.com/asciimoo/drawille,drawille,,,,,,
https://github.com/ah450/drf-ignore-slash-middleware,drf-ignore-slash-middleware,,,,,,
https://github.com/drf-forms/drf-schema-adapter,drf-schema-adapter,,,,,,
https://github.com/pklaus/ds1054z,ds1054z,,,,,,
https://github.com/faroit/dsdtools,dsdtools,,,,,,
https://github.com/dss-extensions/dss_python,dss_python,,,,,,
https://github.com/Salamek/DwaPython,DwaPython,,,,,,
https://github.com/ccubed/Dyslexml,Dyslexml,,,,,,
https://github.com/Miserlou/easy-expressions,easy-expressions,,,,,,
https://github.com/david-pettifor-nd/easy-google-docs,easy-google-docs,,,,,,
https://github.com/dhelbegor/easy-mask,easy-mask,,,,,,
https://github.com/kalekiu/easyesn,easyesn,,,,,,
https://github.com/alessandrozamberletti/ebayfeed,ebayfeed,,,,,,
https://github.com/jessejensen/ebscopy,ebscopy,,,,,,
https://github.com/civic/elitech-datareader,elitech-datareader,,,,,,
https://github.com/Som-Energia/emili,emili,,,,,,
https://github.com/frmdstryr/enamlx,enamlx,,,,,,
https://github.com/axiom-data-science/epic2cf,epic2cf,,,,,,
https://github.com/ksbg/equidistantpoints,equidistantpoints,,,,,,
https://github.com/Regner/eveimageserver,eveimageserver,,,,,,
https://github.com/zehengl/ezapi-tmdb,ezapi-tmdb,,,,,,
https://github.com/zehengl/ezapi-yelp,ezapi-yelp,,,,,,
https://github.com/crowdcomms/faker-e164,faker-e164,,,,,,
https://github.com/ArmlessJohn404/fakeRPiGPIO,fakeRPiGPIO,,,,,,
https://github.com/piotrmaslanka/falcon-docs,falcon-docs,,,,,,
https://github.com/dmuhs/falcon-stats,falcon-stats,,,,,,
https://github.com/wearefair/fast-autocomplete,fast-autocomplete,,,,,,
https://github.com/kootenpv/fastlang,fastlang,,,,,,
https://github.com/gescheit/fastsnmp,fastsnmp,,,,,,
https://github.com/JoabMendes/fbbotw,fbbotw,,,,,,
https://github.com/justinshenk/fer,fer,,,,,,
https://github.com/Impacto-jor/fetchrss-api,fetchrss-api,,,,,,
https://github.com/lacava/few,few,,,,,,
https://github.com/alexseitsinger/find_best_string,find_best_string,,,,,,
https://github.com/draperunner/fjlc,fjlc,,,,,,
https://github.com/gghez/flask_applicationinsights,flask_applicationinsights,,,,,,
https://github.com/Rackspace-DOT/flask_keystone,flask_keystone,,,,,,
https://github.com/grucin/flask-arango,flask-arango,,,,,,
https://github.com/twiebe/Flask-CacheControl,Flask-CacheControl,,,,,,
https://github.com/breakbase/flask-cent,flask-cent,,,,,,
https://github.com/Frozenball/flask-color,flask-color,,,,,,
https://github.com/basilfx/flask-daapserver,flask-daapserver,,,,,,
https://github.com/megacool/flask-events,flask-events,,,,,,
https://github.com/iScrE4m/Flask-FastRPC,Flask-FastRPC,,,,,,
https://github.com/vrcmarcos/flask-filtered-response,flask-filtered-response,,,,,,
https://github.com/darvid/flask-habitat,flask-habitat,,,,,,
https://github.com/btashton/flask-influxdb,flask-influxdb,,,,,,
https://github.com/Robpol86/Flask-JIRA-Helper,Flask-JIRA-Helper,,,,,,
https://github.com/nabetama/Flask-Json-Syslog,Flask-Json-Syslog,,,,,,
https://github.com/netkicorp/flask-jwe,flask-jwe,,,,,,
https://github.com/Workable/flask-log-request-id,flask-log-request-id,,,,,,
https://github.com/kylewm/flask-micropub,flask-micropub,,,,,,
https://github.com/abetlen/Flask-Perf,Flask-Perf,,,,,,
https://github.com/Bekt/flask-pusher,flask-pusher,,,,,,
https://github.com/noise/flask-queryinspect,flask-queryinspect,,,,,,
https://github.com/joelcolucci/flask-registerblueprints,flask-registerblueprints,,,,,,
https://github.com/rhyselsmore/flask-request-id,flask-request-id,,,,,,
https://github.com/scivey/flask-resty-shared-session,flask-resty-shared-session,,,,,,
https://github.com/humrochagf/flask-reveal,flask-reveal,,,,,,
https://github.com/syndbg/flask-robohash,flask-robohash,,,,,,
https://github.com/erans/flask-secure-cookie,flask-secure-cookie,,,,,,
https://github.com/iurisilvio/Flask-SQLAlchemy-Cache,Flask-SQLAlchemy-Cache,,,,,,
https://github.com/dtheodor/flask-sqlalchemy-session,flask-sqlalchemy-session,,,,,,
https://github.com/twaldear/flask-sqlite-admin,flask-sqlite-admin,,,,,,
https://github.com/chris-griffin/flask-wkhtmltopdf,flask-wkhtmltopdf,,,,,,
https://github.com/modflowpy/flopy,flopy,,,,,,
https://github.com/PierreRaybaut/formlayout,formlayout,,,,,,
https://github.com/Kronuz/fortunate,fortunate,,,,,,
https://github.com/legaultmarc/forward,forward,,,,,,
https://github.com/mortada/fredapi,fredapi,,,,,,
https://github.com/bachiraoun/fullrmc,fullrmc,,,,,,
https://github.com/datamade/fuzzycategory,fuzzycategory,,,,,,
https://github.com/seawolf42/gae-app-settings,gae-app-settings,,,,,,
https://github.com/Odame/gae-env,gae-env,,,,,,
https://github.com/aspyatkin/gang,gang,,,,,,
https://github.com/stewrutledge/gelfHandler,gelfHandler,,,,,,
https://github.com/mattselph/gemini-python-unoffc,gemini-python-unoffc,,,,,,
https://github.com/AgustinCB/genedoku,genedoku,,,,,,
https://github.com/joyanujoy/geolib,geolib,,,,,,
https://github.com/Stefan-Code/gglsbl3,gglsbl3,,,,,,
https://github.com/nir0s/ghost,ghost,,,,,,
https://github.com/nabetama/gimei,gimei,,,,,,
https://github.com/delapuente/gistimporter,gistimporter,,,,,,
https://github.com/fhamborg/Giveme5W1H,Giveme5W1H,,,,,,
https://github.com/astronouth7303/gpotato,gpotato,,,,,,
https://github.com/maweigert/gputools,gputools,,,,,,
https://github.com/kimlab/GPyM,GPyM,,,,,,
https://github.com/dsfx3d/grabicon,grabicon,,,,,,
https://github.com/trehn/grafilter,grafilter,,,,,,
https://github.com/josegomezr/graph_db,graph_db,,,,,,
https://github.com/bruth/graphlib,graphlib,,,,,,
https://github.com/xangmuve/grappelli_dynamic_navbar,grappelli_dynamic_navbar,,,,,,
https://github.com/nikan1996/greenreactor,greenreactor,,,,,,
https://github.com/emehrkay/gremlinpy,gremlinpy,,,,,,
https://github.com/svrana/gretis,gretis,,,,,,
https://github.com/Kautenja/gym-tetris,gym-tetris,,,,,,
https://github.com/ajmarks/gymnast,gymnast,,,,,,
https://github.com/non-Jedi/gyr,gyr,,,,,,
https://github.com/avinassh/haxor,haxor,,,,,,
https://github.com/gaborod16/HCLogger,HCLogger,,,,,,
https://github.com/ndlib/hesburgh_utilities,hesburgh_utilities,,,,,,
https://github.com/gtors/hh,hh,,,,,,
https://github.com/layzerar/hhpp.py,hhpp.py,,,,,,
https://github.com/plasticuproject/hibpwned,hibpwned,,,,,,
https://github.com/iktakahiro/hipchatpy,hipchatpy,,,,,,
https://github.com/mattsolo1/hmmerclust,hmmerclust,,,,,,
https://github.com/ladybug-tools/honeybee,honeybee,,,,,,
https://github.com/Kaumer/html-minifier,html-minifier,,,,,,
https://github.com/bpabel/html5charref,html5charref,,,,,,
https://github.com/anastasia/htmldiffer,htmldiffer,,,,,,
https://github.com/python-hyper/hyperlink,hyperlink,,,,,,
https://github.com/mscavnicky/hypotonic,hypotonic,,,,,,
https://github.com/narma/i3pystatus-anybar,i3pystatus-anybar,,,,,,
https://github.com/rcs-analytics/icy,icy,,,,,,
https://github.com/SeiryuZ/id_phonenumbers,id_phonenumbers,,,,,,
https://github.com/frececroka/id3parse.py,id3parse.py,,,,,,
https://github.com/atam84/ifaceinfo,ifaceinfo,,,,,,
https://github.com/wjszlachta/ig-rest-client,ig-rest-client,,,,,,
https://github.com/benfred/implicit,implicit,,,,,,
https://github.com/sorgerlab/indra,indra,,,,,,
https://github.com/federicotdn/inelastic,inelastic,,,,,,
https://github.com/AxiomExergy/influx-client,influx-client,,,,,,
https://github.com/puntonim/inspire-service-orcid,inspire-service-orcid,,,,,,
https://github.com/alvarob96/investpy,investpy,,,,,,
https://github.com/mlouielu/iota-mnemonic,iota-mnemonic,,,,,,
https://github.com/aichaoguy/ipgeo,ipgeo,,,,,,
https://github.com/roniemartinez/IPToCC,IPToCC,,,,,,
https://github.com/sn0wle0pard/ipytracer,ipytracer,,,,,,
https://github.com/italorossi/ishell,ishell,,,,,,
https://github.com/openvax/isovar,isovar,,,,,,
https://github.com/spaceisstrange/itunespy,itunespy,,,,,,
https://github.com/horacioibrahim/iugu-python,iugu-python,,,,,,
https://github.com/fellipeh/iugu-python3,iugu-python3,,,,,,
https://github.com/izi-global/izir,izir,,,,,,
https://github.com/src-d/jgscm,jgscm,,,,,,
https://github.com/JarryShaw/jsformat,jsformat,,,,,,
https://github.com/shaunvxc/jsonlike,jsonlike,,,,,,
https://github.com/despawnerer/judge,judge,,,,,,
https://github.com/PyCav/jupyterhub-raven-auth,jupyterhub-raven-auth,,,,,,
https://github.com/kanyuanzhi/kan_ML,kan_ML,,,,,,
https://github.com/eisensheng/kaviar,kaviar,,,,,,
https://github.com/HHammond/kcbo,kcbo,,,,,,
https://github.com/cpury/keras_gradient_noise,keras_gradient_noise,,,,,,
https://github.com/endrebak/kg,kg,,,,,,
https://github.com/gramedia-digital-nusantara/kgx-client,kgx-client,,,,,,
https://github.com/surrealists/kl,kl,,,,,,
https://github.com/kanyuanzhi/klearn,klearn,,,,,,
https://github.com/codenirvana/kTorrent,kTorrent,,,,,,
https://github.com/cenkalti/kuyruk-requeue,kuyruk-requeue,,,,,,
https://github.com/cenkalti/kuyruk-sentry,kuyruk-sentry,,,,,,
https://github.com/beringresearch/lab,lab,,,,,,
https://github.com/broadinstitute/lapdog,lapdog,,,,,,
https://github.com/erezsh/lark,lark,,,,,,
https://github.com/roniemartinez/latex2mathml,latex2mathml,,,,,,
https://github.com/dlmeduLi/libsam,libsam,,,,,,
https://github.com/lyst/lightfm,lightfm,,,,,,
https://github.com/niels-lubbes/linear_series,linear_series,,,,,,
https://github.com/ec-jrc/lisflood-utilities,lisflood-utilities,,,,,,
https://github.com/cameliot/llama,llama,,,,,,
https://github.com/fujiisoup/lstpy,lstpy,,,,,,
https://github.com/luckydonald/luckydonald-utils,luckydonald-utils,,,,,,
https://github.com/coady/lupyne,lupyne,,,,,,
https://github.com/huntzhan/magic-constraints,magic-constraints,,,,,,
https://github.com/ubunatic/makepy,makepy,,,,,,
https://github.com/qzb/markdown-jinja,markdown-jinja,,,,,,
https://github.com/scoremedia/marol,marol,,,,,,
https://github.com/MasoniteFramework/masonite,Masonite,,,,,,
https://github.com/didix21/mdutils,mdutils,,,,,,
https://github.com/c0yote/mehrp,mehrp,,,,,,
https://github.com/surrealcristian/memegen,memegen,,,,,,
https://github.com/praise-internet/metadoc,metadoc,,,,,,
https://github.com/numat/mfc,mfc,,,,,,
https://github.com/hammerlab/mhcnames,mhcnames,,,,,,
https://github.com/openvax/mhctools,mhctools,,,,,,
https://github.com/bc-python/mistool,mistool,,,,,,
https://github.com/lepture/mistune,mistune,,,,,,
https://github.com/dodiku/MixingBear,MixingBear,,,,,,
https://github.com/ldgabbay/mkciud,mkciud,,,,,,
https://github.com/ianlini/mkdir-p,mkdir-p,,,,,,
https://github.com/zachpanz88/mlbgame,mlbgame,,,,,,
https://github.com/Mm2PL/mmw,mmw,,,,,,
https://github.com/klahnakoski/mo-json-config,mo-json-config,,,,,,
https://github.com/i2y/mochi,mochi,,,,,,
https://github.com/kblin/mockaioredis,mockaioredis,,,,,,
https://github.com/tai/morfeus,morfeus,,,,,,
https://github.com/newcraftgroup/mousepy,mousepy,,,,,,
https://github.com/scidam/mpseudo,mpseudo,,,,,,
https://github.com/timofurrer/musichaos,musichaos,,,,,,
https://github.com/lfzark/musing,musing,,,,,,
https://github.com/rendicott/nagpy,nagpy,,,,,,
https://github.com/merqurio/neo4jupyter,neo4jupyter,,,,,,
https://github.com/home-assistant/netdisco,netdisco,,,,,,
https://github.com/paulbrodersen/netgraph,netgraph,,,,,,
https://github.com/toodef/neural-pipeline,neural-pipeline,,,,,,
https://github.com/nilmtk/nilm_metadata,nilm_metadata,,,,,,
https://github.com/totalgood/nlpia,nlpia,,,,,,
https://github.com/Silmathoron/NNGT,NNGT,,,,,,
https://github.com/ria-com/nomeroff-net,nomeroff-net,,,,,,
https://github.com/sigsep/norbert,norbert,,,,,,
https://github.com/blockbrothers/nozzle,nozzle,,,,,,
https://github.com/Sylhare/nprime,nprime,,,,,,
https://github.com/niels-lubbes/ns_lattice,ns_lattice,,,,,,
https://github.com/clintval/nucleic,nucleic,,,,,,
https://github.com/PythonAnkara/octomine,octomine,,,,,,
https://github.com/yahiaali/oec,oec,,,,,,
https://github.com/packit-service/ogr,ogr,,,,,,
https://github.com/samstav/okchef,okchef,,,,,,
https://github.com/Ensembl/ols-client,ols-client,,,,,,
https://github.com/danielterhorst/open_exchange_rates,open_exchange_rates,,,,,,
https://github.com/jeff-99/OpenKVK,OpenKVK,,,,,,
https://github.com/messense/optionaldict,optionaldict,,,,,,
https://github.com/Moduland/Orangetool,Orangetool,,,,,,
https://github.com/metaodi/osmapi,osmapi,,,,,,
https://github.com/jonghwanhyeon/overwatch-stats,overwatch-stats,,,,,,
https://github.com/orisano/owiener,owiener,,,,,,
https://github.com/michaelimfeld/ownbot,ownbot,,,,,,
https://github.com/whats-this/owo.py,owo.py,,,,,,
https://github.com/mirgleich/owping-parser,owping-parser,,,,,,
https://github.com/daboth/pagan,pagan,,,,,,
https://github.com/despawnerer/palletize,palletize,,,,,,
https://github.com/sods/paramz,paramz,,,,,,
https://github.com/evolbioinfo/pastml,pastml,,,,,,
https://github.com/andrasmaroy/pconf,pconf,,,,,,
https://github.com/JonathanVusich/pcpartpicker,pcpartpicker,,,,,,
https://github.com/cbkmephisto/pedRefiner,pedRefiner,,,,,,
https://github.com/BenDoan/perform,perform,,,,,,
https://github.com/ugtar/pg_temp,pg_temp,,,,,,
https://github.com/piccolo-orm/piccolo,piccolo,,,,,,
https://github.com/cydrobolt/pifx,pifx,,,,,,
https://github.com/pinax/pinax-forums,pinax-forums,,,,,,
https://github.com/nschloe/pipdate,pipdate,,,,,,
https://github.com/liamhawkins/PipetteWrapper,PipetteWrapper,,,,,,
https://github.com/kemingy/Plane,Plane,,,,,,
https://github.com/jhamrick/plotchecker,plotchecker,,,,,,
https://github.com/tammoippen/plotille,plotille,,,,,,
https://github.com/airtoxin/plugin-loader,plugin-loader,,,,,,
https://github.com/Brightcells/pngquant,pngquant,,,,,,
https://github.com/pletzer/pnumpy,pnumpy,,,,,,
https://github.com/numat/polyscience,polyscience,,,,,,
https://github.com/meain/ppl,ppl,,,,,,
https://github.com/Celeo/Preston,Preston,,,,,,
https://github.com/mattpitkin/psrqpy,psrqpy,,,,,,
https://github.com/ashishbaghudana/PubTator2Anndoc,PubTator2Anndoc,,,,,,
https://github.com/Raytone-D/puppet,puppet,,,,,,
https://github.com/tchar/pushbots,pushbots,,,,,,
https://github.com/jazzycamel/pushy,pushy,,,,,,
https://github.com/heykarimoff/py-fdl,py-fdl,,,,,,
https://github.com/uncovertruth/py-geohex3,py-geohex3,,,,,,
https://github.com/ssut/py-hanspell,py-hanspell,,,,,,
https://github.com/JamaSoftware/py-jama-rest-client,py-jama-rest-client,,,,,,
https://github.com/sujeetkv/py-paginator,py-paginator,,,,,,
https://github.com/rohithpr/py-timed-dialog,py-timed-dialog,,,,,,
https://github.com/Iotic-Labs/py-ubjson,py-ubjson,,,,,,
https://github.com/acorg/py3seq,py3seq,,,,,,
https://github.com/ricmoo/pyaes,pyaes,,,,,,
https://github.com/ludeeus/pyaftership,pyaftership,,,,,,
https://github.com/agilegeeks/pyAnaf,pyAnaf,,,,,,
https://github.com/devArtoria/pyArXiv,pyArXiv,,,,,,
https://github.com/jacexh/pyautoit,pyautoit,,,,,,
https://github.com/gmontamat/pyaw-reporting,pyaw-reporting,,,,,,
https://github.com/jldbc/pybaseball,pybaseball,,,,,,
https://github.com/azag0/pyberny,pyberny,,,,,,
https://github.com/jvrana/pyblast,pyblast,,,,,,
https://github.com/pyblish/pyblish,pyblish,,,,,,
https://github.com/pyblish/pyblish-houdini,pyblish-houdini,,,,,,
https://github.com/pyblish/pyblish-lite,pyblish-lite,,,,,,
https://github.com/pyblish/pyblish-maya,pyblish-maya,,,,,,
https://github.com/pyblish/pyblish-nuke,pyblish-nuke,,,,,,
https://github.com/SushilShrestha/pyBSDate,PyBSDate,,,,,,
https://github.com/erikcw/pycirculate,pycirculate,,,,,,
https://github.com/aconrad/pycobertura,pycobertura,,,,,,
https://github.com/terencezl/pydass_vasp,pydass_vasp,,,,,,
https://github.com/ishepard/pydriller,pydriller,,,,,,
https://github.com/gaulinmp/pyedgar,pyedgar,,,,,,
https://github.com/inkstitch/pyembroidery,pyembroidery,,,,,,
https://github.com/openvax/pyensembl,pyensembl,,,,,,
https://github.com/Goat-Lab/pyfluentformio,pyfluentformio,,,,,,
https://github.com/Psycojoker/pyfmt,Pyfmt,,,,,,
https://github.com/axiom-data-science/pygc,pygc,,,,,,
https://github.com/dpursehouse/pygerrit2,pygerrit2,,,,,,
https://github.com/robert-ancell/pygif,pygif,,,,,,
https://github.com/openlawlibrary/pygls,pygls,,,,,,
https://github.com/pmelchior/pygmmis,pygmmis,,,,,,
https://github.com/Keda87/PyGramedia,PyGramedia,,,,,,
https://github.com/EricDalrymple91/pyhorizon,pyhorizon,,,,,,
https://github.com/truedread/pyhulu,pyhulu,,,,,,
https://github.com/VonStruddle/PyHunter,PyHunter,,,,,,
https://github.com/imagej/pyimagej,pyimagej,,,,,,
https://github.com/kutu/pyirsdk,pyirsdk,,,,,,
https://github.com/chrisseto/pyjwe,pyjwe,,,,,,
https://github.com/ebachelet/pyLIMA,pyLIMA,,,,,,
https://github.com/ElmecOSS/pyLivestatus,pyLivestatus,,,,,,
https://github.com/charsyam/pylunardate,pylunardate,,,,,,
https://github.com/ecordell/pymacaroons,pymacaroons,,,,,,
https://github.com/oddjobz/pymamba,pymamba,,,,,,
https://github.com/gijswobben/pymed,pymed,,,,,,
https://github.com/robintw/PyMicrotops,PyMicrotops,,,,,,
https://github.com/mrmiguez/pymods,pymods,,,,,,
https://github.com/ccubed/PyMoe,PyMoe,,,,,,
https://github.com/myralabs/pymyra,pymyra,,,,,,
https://github.com/prprprus/PyMySQLPool,PyMySQLPool,,,,,,
https://github.com/axiom-data-science/pyncml,pyncml,,,,,,
https://github.com/nco/pynco,pynco,,,,,,
https://github.com/alexdlaird/pyngrok,pyngrok,,,,,,
https://github.com/YuriyLisovskiy/pynotifier,pynotifier,,,,,,
https://github.com/col16/pypassage,pypassage,,,,,,
https://github.com/xxxtonixxx/pyPasswordGenerator,pyPasswordGenerator,,,,,,
https://github.com/daneads/pypatent,pypatent,,,,,,
https://github.com/billdeitrick/pypco,pypco,,,,,,
https://github.com/arnavb/pypokedex,pokedex,,,,,,
https://github.com/erikdejonge/pyprofiler,pyprofiler,,,,,,
https://github.com/addisonElliott/pyqt5ac,pyqt5ac,,,,,,
https://github.com/Pylons/pyramid_openapi3,pyramid_openapi3,,,,,,
https://github.com/yimian/pyrefo,pyrefo,,,,,,
https://github.com/ibaris/pyrism,pyrism,,,,,,
https://github.com/gomjellie/pysaint,pysaint,,,,,,
https://github.com/har07/PySastrawi,pysastrawi,,,,,,
https://github.com/MickaelRigault/pysedm,pysedm,,,,,,
https://github.com/ereOn/pyslot,pyslot,,,,,,
https://github.com/Friz-zy/pyspaces,pyspaces,,,,,,
https://github.com/jpmml/pyspark2pmml,pyspark2pmml,,,,,,
https://github.com/sarchar/pyspv,pyspv,,,,,,
https://github.com/facebookincubator/pystemd,pystemd,,,,,,
https://github.com/arahuja/pytcga,pytcga,,,,,,
https://github.com/megachweng/pytest-informative-node,pytest-informative-node,,,,,,
https://github.com/luckydonald/pytgbot,pytgbot,,,,,,
https://github.com/Highjhacker/pythark,pythark,,,,,,
https://github.com/hharnisc/python-ddp,python-ddp,,,,,,
https://github.com/theskumar/python-dotenv,python-dotenv,,,,,,
https://github.com/fmoo/python-editor,python-editor,,,,,,
https://github.com/r-dmv/python-email-normalizer,python-email-normalizer,,,,,,
https://github.com/robjohncox/python-html-assert,python-html-assert,,,,,,
https://github.com/charlesthk/python-mailchimp,python-mailchimp,,,,,,
https://github.com/hudsonbrendon/python-musixmatch,python-musixmatch,,,,,,
https://github.com/goranvrbaski/python-namesilo,python-namesilo,,,,,,
https://github.com/nir0s/python-packer,python-packer,,,,,,
https://github.com/philipbl/python-persistent-queue,python-persistent-queue,,,,,,
https://github.com/gunlinux/python-smsru,python-smsru,,,,,,
https://github.com/puehcl/python-telegram-bot-api,python-telegram-bot-api,,,,,,
https://github.com/soulomoon/python-throttle,python-throttle,,,,,,
https://github.com/tsifrer/python-twitch-client,python-twitch-client,,,,,,
https://github.com/geekpradd/PythonPi,PythonPi,,,,,,
https://github.com/Vasistareddy/pythonRLSA,pythonRLSA,,,,,,
https://github.com/jaijuneja/PyTLDR,PyTLDR,,,,,,
https://github.com/smeggingsmegger/PyToggl,PyToggl,,,,,,
https://github.com/ggravlingen/pytradfri,pytradfri,,,,,,
https://github.com/JonathanRaiman/pytreebank,pytreebank,,,,,,
https://github.com/danimaribeiro/PyTrustNFe,PyTrustNFe,,,,,,
https://github.com/mtasic85/pytsort,pytsort,,,,,,
https://github.com/geekpradd/PyWallpaper,PyWallpaper,,,,,,
https://github.com/sdkwe/pywe-menu,pywe-menu,,,,,,
https://github.com/sdkwe/pywe-oauth,pywe-oauth,,,,,,
https://github.com/sdkwe/pywe-sign,pywe-sign,,,,,,
https://github.com/oysstu/pyxtf,pyxtf,,,,,,
https://github.com/pipitone/qbatch,qbatch,,,,,,
https://github.com/Qiskit/qiskit-ibmq-provider,qiskit-ibmq-provider,,,,,,
https://github.com/stephane-caron/qpsolvers,qpsolvers,,,,,,
https://github.com/sylnsfar/qrcode,qrcode,,,,,,
https://github.com/stefanbirkner/quaidan,quaidan,,,,,,
https://github.com/rfverbruggen/rachiopy,rachiopy,,,,,,
https://github.com/clobrano/raffaello,raffaello,,,,,,
https://github.com/timofurrer/ramlient,ramlient,,,,,,
https://github.com/zachmoshe/ranges-consolidator,ranges-consolidator,,,,,,
https://github.com/cayetanobv/raster2xyz,raster2xyz,,,,,,
https://github.com/overdev/raylib-py,raylib-py,,,,,,
https://github.com/romantomjak/redis-ratelimit,redis-ratelimit,,,,,,
https://github.com/amancevice/redpanda,redpanda,,,,,,
https://github.com/cloudify-cosmo/repex,repex,,,,,,
https://github.com/nano-labs/requests_debugger,requests_debugger,,,,,,
https://github.com/samstav/requests-chef,requests-chef,,,,,,
https://github.com/shezadkhan137/required,required,,,,,,
https://github.com/alexseitsinger/resize_and_crop,resize_and_crop,,,,,,
https://github.com/lwzm/revent,revent,,,,,,
https://github.com/Aculeasis/rhvoice-wrapper-bin,rhvoice-wrapper-bin,,,,,,
https://github.com/Aculeasis/rhvoice-wrapper-data,rhvoice-wrapper-data,,,,,,
https://github.com/mraspaud/risotto,risotto,,,,,,
https://github.com/csparpa/robograph,robograph,,,,,,
https://github.com/akretion/roulier,roulier,,,,,,
https://github.com/macostea/RoZipParser,RoZipParser,,,,,,
https://github.com/luxedo/RPistepper,RPistepper,,,,,,
https://github.com/radzak/rtv-downloader,rtv-downloader,,,,,,
https://github.com/nathancatania/ryurest,ryurest,,,,,,
https://github.com/eikonomega/saddlebags,saddlebags,,,,,,
https://github.com/Hultner/safemd,safemd,,,,,,
https://github.com/scikit-garden/scikit-garden,scikit-garden,,,,,,
https://github.com/haizi-zh/scrapy-qiniu,scrapy-qiniu,,,,,,
https://github.com/sangaline/scrapy-wayback-machine,scrapy-wayback-machine,,,,,,
https://github.com/rr-/screeninfo,screeninfo,,,,,,
https://github.com/gdmachado/scup-python,scup-python,,,,,,
https://github.com/horia141/sdhash,sdhash,,,,,,
https://github.com/scottstanie/sentineleof,sentineleof,,,,,,
https://github.com/ewdurbin/sentry-datadog-helpers,sentry-datadog-helpers,,,,,,
https://github.com/PyO3/setuptools-rust,setuptools-rust,,,,,,
https://github.com/mingrammer/sheet2db,sheet2db,,,,,,
https://github.com/DaniFdezAlvarez/shexer,shexer,,,,,,
https://github.com/agroptima/simple-ioc,simple-ioc,,,,,,
https://github.com/Miserlou/simpleaws,simpleaws,,,,,,
https://github.com/noahsark769/simplegit,simplegit,,,,,,
https://github.com/dps/simplescheduler,simplescheduler,,,,,,
https://github.com/markleent/simpleValidator,simpleValidator,,,,,,
https://github.com/jpmml/sklearn2pmml,sklearn2pmml,,,,,,
https://github.com/carlcortright/slack-webhook,slack-webhook,,,,,,
https://github.com/John-Lin/snortunsock,snortunsock,,,,,,
https://github.com/tryexceptpass/sofi,sofi,,,,,,
https://github.com/swistakm/solrq,solrq,,,,,,
https://github.com/sammous/spacy-lefff,spacy-lefff,,,,,,
https://github.com/rwpenney/spfpm,spfpm,,,,,,
https://github.com/djungelorm/sphinx-csharp,sphinx-csharp,,,,,,
https://github.com/pashango2/sphinxcontrib-pandoc-markdown,sphinxcontrib-pandoc-markdown,,,,,,
https://github.com/akshaybabloo/Spikes,Spikes,,,,,,
https://github.com/maweigert/spimagine,spimagine,,,,,,
https://github.com/devstuff-io/spylogger,spylogger,,,,,,
https://github.com/dirkjonker/sqlalchemy-turbodbc,sqlalchemy-turbodbc,,,,,,
https://github.com/timsoft-oss/sqlitecookiejar,sqlitecookiejar,,,,,,
https://github.com/sorend/sshconf,sshconf,,,,,,
https://github.com/whisller/ssmenv,ssmenv,,,,,,
https://github.com/messense/stacktracer,stacktracer,,,,,,
https://github.com/lukearno/static,static,,,,,,
https://github.com/Rikanishu/static-bundle,static-bundle,,,,,,
https://github.com/grungy/staticbs,staticbs,,,,,,
https://github.com/woctezuma/steamspypi,steamspypi,,,,,,
https://github.com/johansten/stellar-py,stellar-py,,,,,,
https://github.com/faroit/stempeg,stempeg,,,,,,
https://github.com/zhelyabuzhsky/stockfish,stockfish,,,,,,
https://github.com/sladkovm/stravaio,stravaio,,,,,,
https://github.com/evolvIQ/streamrpc,streamrpc,,,,,,
https://github.com/vijayvarma392/surfinBH,surfinBH,,,,,,
https://github.com/Yelp/swagger_spec_validator,swagger_spec_validator,,,,,,
https://github.com/Arello-Mobile/swagger2rst,swagger2rst,,,,,,
https://github.com/mickbad/swappy,swappy,,,,,,
https://github.com/dvf/synapse,synapse,,,,,,
https://github.com/huyingxi/Synonyms,Synonyms,,,,,,
https://github.com/zenotech/SysScribe,SysScribe,,,,,,
https://github.com/er432/TASSELpy,TASSELpy,,,,,,
https://github.com/innodatalabs/tbert,tbert,,,,,,
https://github.com/LibreLabUCM/teleg-api-bot,teleg-api-bot,,,,,,
https://github.com/SurrealAI/Tensorplex,Tensorplex,,,,,,
https://github.com/jfilter/text-classification-keras,text-classification-keras,,,,,,
https://github.com/shivam5992/textstat,textstat,,,,,,
https://github.com/untzag/tidy_headers,tidy_headers,,,,,,
https://github.com/travel-intelligence/TIpy,TIpy,,,,,,
https://github.com/didadadida93/tkpy,tkpy,,,,,,
https://github.com/fphammerle/tooncher,tooncher,,,,,,
https://github.com/hammerlab/topeology,topeology,,,,,,
https://github.com/simonsdave/tor-async-couchdb,tor-async-couchdb,,,,,,
https://github.com/prisma-ai/torch2coreml,torch2coreml,,,,,,
https://github.com/mr-ping/tornado_jinja2,tornado_jinja2,,,,,,
https://github.com/peshay/tpm,tpm,,,,,,
https://github.com/xianqiu/TransportModels,TransportModels,,,,,,
https://github.com/ewiger/tree_output,tree_output,,,,,,
https://github.com/klavinslab/trident,trident,,,,,,
https://github.com/jilljenn/tryalgo,tryalgo,,,,,,
https://github.com/dodo5522/tsmppt60_driver,tsmppt60_driver,,,,,,
https://github.com/lwzm/ttl-cache,ttl-cache,,,,,,
https://github.com/0x1001/TurboSMTP,TurboSMTP,,,,,,
https://github.com/yuitest/twitterxauth,twitterxauth,,,,,,
https://github.com/MrS0m30n3/twodict,twodict,,,,,,
https://github.com/dr4ke616/txGraylog,txGraylog,,,,,,
https://github.com/vivangkumar/uberpy,uberpy,,,,,,
https://github.com/koumoul-dev/udata-data-fair,udata-data-fair,,,,,,
https://github.com/opendatateam/udata-piwik,udata-piwik,,,,,,
https://github.com/etalab/udata-youckan,udata-youckan,,,,,,
https://github.com/Yelp/undebt,undebt,,,,,,
https://github.com/hboisgibault/unicontent,unicontent,,,,,,
https://github.com/jeeberhardt/unrolr,unrolr,,,,,,
https://github.com/shaunvxc/unwrap,unwrap,,,,,,
https://github.com/flyte/upnpclient,upnpclient,,,,,,
https://github.com/dwkim78/upsilon,upsilon,,,,,,
https://github.com/Corvan/upyls,upyls,,,,,,
https://github.com/ChristopherBilg/urlformat,urlformat,,,,,,
https://github.com/sangoma/ursine,ursine,,,,,,
https://github.com/yanwarsolahudinn/utf8-codepoint,utf8-codepoint,,,,,,
https://github.com/openvax/varcode,varcode,,,,,,
https://github.com/poyynt/vcomp,vcomp,,,,,,
https://github.com/src-d/vecino,vecino,,,,,,
https://github.com/yeqown/verification_code,verification_code,,,,,,
https://github.com/smeggingsmegger/VeryPrettyTable,VeryPrettyTable,,,,,,
https://github.com/zcold/visio2pdf,visio2pdf,,,,,,
https://github.com/Onyo/vtex-client,vtex-client,,,,,,
https://github.com/numat/vwr,vwr,,,,,,
https://github.com/timofurrer/w1thermsensor,w1thermsensor,,,,,,
https://github.com/cloudify-cosmo/wagon,wagon,,,,,,
https://github.com/harrislapiroff/wagtail-foliage,wagtail-foliage,,,,,,
https://github.com/wharton/wagtailgridder,wagtailgridder,,,,,,
https://github.com/dvilela/wait_response,wait_response,,,,,,
https://github.com/levelupai/waldorf,waldorf,,,,,,
https://github.com/alttch/weatherbroker,weatherbroker,,,,,,
https://github.com/mrmilu/webpartners-users,webpartners-users,,,,,,
https://github.com/Kai-Bailey/websocket,websocket,,,,,,
https://github.com/GeoStat-Framework/welltestpy,welltestpy,,,,,,
https://github.com/gi0baro/weppy-assets,weppy-assets,,,,,,
https://github.com/gi0baro/weppy-bs3,weppy-bs3,,,,,,
https://github.com/gi0baro/weppy-haml,weppy-haml,,,,,,
https://github.com/gi0baro/weppy-sentry,weppy-sentry,,,,,,
https://github.com/mrsmn/whadup,whadup,,,,,,
https://github.com/creemerica/whatcd-cau,whatcd-cau,,,,,,
https://github.com/SethMichaelLarson/whatwg-url,whatwg-url,,,,,,
https://github.com/machacekondra/winremote,winremote,,,,,,
https://github.com/jacobian/wsgi-sslify,wsgi-sslify,,,,,,
https://github.com/nya3jp/wsgiprof,wsgiprof,,,,,,
https://github.com/dpk/wsgiwatch,wsgiwatch,,,,,,
https://github.com/Apkawa/xlsx2html,xlsx2html,,,,,,
https://github.com/octoenergy/xocto,xocto,,,,,,
https://github.com/kootenpv/xtoy,xtoy,,,,,,
https://github.com/MitalAshok/xxkcd,xxkcd,,,,,,
https://github.com/Aculeasis/ya-speech-key,ya-speech-key,,,,,,
https://github.com/josuebrunel/yahoo-oauth,yahoo-oauth,,,,,,
https://github.com/DeKaN/youtrack-rest-api,youtrack-rest-api,,,,,,
https://github.com/rohitkhatri/youtube-python,youtube-python,,,,,,
https://github.com/ZeroCater/zc_common,zc_common,,,,,,
https://github.com/4Catalyzer/flask-resty,flask-resty,,,,,,
https://github.com/4rqm/dhooks,dhooks,,,,,,
https://github.com/4toblerone/Purple,Purple,,,,,,
https://github.com/AWilliams17/SentryConfig,SentryConfig,,,,,,
https://github.com/AartGoossens/athletic_pandas,athletic_pandas,,,,,,
https://github.com/AdrieanKhisbe/spinlog.py,spinlog.py,,,,,,
https://github.com/Andrew-AbiMansour/PyGran,PyGran,,,,,,
https://github.com/Apkawa/django-multitype-file-field,django-multitype-file-field,,,,,,
https://github.com/Aplopio/plasticparser,plasticparser,,,,,,
https://github.com/Asmodius/mokito,mokito,,,,,,
https://github.com/AtteqCom/zsl,zsl,,,,,,
https://github.com/Bahus/uwsgi_tasks,uwsgi_tasks,,,,,,
https://github.com/BennettRand/Samplify,Samplify,,,,,,
https://github.com/BigJerBD/pydarg,pydarg,,,,,,
https://github.com/Bogdanp/markii,markii,,,,,,
https://github.com/Bogdanp/tcopy,tcopy,,,,,,
https://github.com/ByteInternet/drf-oidc-auth,drf-oidc-auth,,,,,,
https://github.com/Bytom-Community/python-bytom,python-bytom,,,,,,
https://github.com/Chyroc/WechatSogou,WechatSogou,,,,,,
https://github.com/City-of-Helsinki/django-helusers,django-helusers,,,,,,
https://github.com/CleanCut/green,green,,,,,,
https://github.com/Code-ReaQtor/flask-inliner,flask-inliner,,,,,,
https://github.com/CovertLab/arrow,arrow,,,,,,
https://github.com/Crystalnix/django-versionfield3,django-versionfield3,,,,,,
https://github.com/DLHub-Argonne/dlhub_sdk,dlhub_sdk,,,,,,
https://github.com/DanPorter/Dans_Diffraction,Dans_Diffraction,,,,,,
https://github.com/Danielhiversen/pyTibber,pyTibber,,,,,,
https://github.com/DarkSand/Sasila,Sasila,,,,,,
https://github.com/DeepSpace2/StyleFrame,StyleFrame,,,,,,
https://github.com/Doist/bitmapist4,bitmapist4,,,,,,
https://github.com/DrBenton/pymessagebus,pymessagebus,,,,,,
https://github.com/Drachenfels/url2vapi,url2vapi,,,,,,
https://github.com/Dumbris/trunklucator,trunklucator,,,,,,
https://github.com/ESSS/flask-restalchemy,flask-restalchemy,,,,,,
https://github.com/ET-CS/dry,dry,,,,,,
https://github.com/EmanuelGoncalves/crispy,crispy,,,,,,
https://github.com/EmbroidePy/pyembroidery,pyembroidery,,,,,,
https://github.com/EthanRosenthal/spacecutter,spacecutter,,,,,,
https://github.com/EverythingMe/fabric-aws,fabric-aws,,,,,,
https://github.com/FZambia/django-dboptions,django-dboptions,,,,,,
https://github.com/FabianWe/django-bootstrap3-multidatepicker,django-bootstrap3-multidatepicker,,,,,,
https://github.com/Fabio-CS/alertlogicAPI,alertlogicAPI,,,,,,
https://github.com/Fak3/getinstance,getinstance,,,,,,
https://github.com/Faylixe/pygame_vkeyboard,pygame_vkeyboard,,,,,,
https://github.com/FlipperPA/django-ssh-deployer,django-ssh-deployer,,,,,,
https://github.com/FlipperPA/peregrine,peregrine,,,,,,
https://github.com/Freakwill/fcool,fcool,,,,,,
https://github.com/GenePeeks/django-hats,django-hats,,,,,,
https://github.com/GeoStat-Framework/GSTools,GSTools,,,,,,
https://github.com/GetStream/stream-python,stream-python,,,,,,
https://github.com/Glose/dawn,dawn,,,,,,
https://github.com/Gr1N/aioapi,aioapi,,,,,,
https://github.com/Gr1N/nats-python,nats-python,,,,,,
https://github.com/GrafeasGroup/caroline,caroline,,,,,,
https://github.com/HatsuneMiku/pytz-memcache,pytz-memcache,,,,,,
https://github.com/HazardDede/argresolver,argresolver,,,,,,
https://github.com/Hipo/django-sloop,django-sloop,,,,,,
https://github.com/HunterLarco/TableMongo,TableMongo,,,,,,
https://github.com/HunterMcGushion/docstr_coverage,docstr_coverage,,,,,,
https://github.com/IMAMBAKS/pyrelatics,pyrelatics,,,,,,
https://github.com/IdentityPython/oidcservice,oidcservice,,,,,,
https://github.com/Infinidat/infi.django_rest_utils,infi.django_rest_utils,,,,,,
https://github.com/InsectRobotics/pompy,pompy,,,,,,
https://github.com/IntMed/interage_python_sdk,interage_python_sdk,,,,,,
https://github.com/JNevrly/cascadict,cascadict,,,,,,
https://github.com/Jhsmit/PymageJ,PymageJ,,,,,,
https://github.com/JoMingyu/Flask-Validation,Flask-Validation,,,,,,
https://github.com/JohnPapps/django-oracle-drcp,django-oracle-drcp,,,,,,
https://github.com/JonathanHolvey/sharepy,sharepy,,,,,,
https://github.com/JorgeGarciaIrazabal/WSHubsAPI,WSHubsAPI,,,,,,
https://github.com/Jwely/cdo-api-py,cdo-api-py,,,,,,
https://github.com/KEDYY/pyweipi,pyweipi,,,,,,
https://github.com/KalobTaulien/wp_honeypot,wp_honeypot,,,,,,
https://github.com/KarlGong/ptest,ptest,,,,,,
https://github.com/Kensuke-Mitsuzawa/DocumentFeatureSelection,DocumentFeatureSelection,,,,,,
https://github.com/Kmaschta/django-algolia,django-algolia,,,,,,
https://github.com/Kozea/flask-alcool,flask-alcool,,,,,,
https://github.com/Laharah/pynentry,pynentry,,,,,,
https://github.com/Marcello-Sega/pytim,pytim,,,,,,
https://github.com/MartinThoma/geocodertools,geocodertools,,,,,,
https://github.com/MathStuff/Matrices,Matrices,,,,,,
https://github.com/MatteoLacki/masstodon,masstodon,,,,,,
https://github.com/Microsoft/keyper,keyper,,,,,,
https://github.com/Miffyli/ToriLLE,ToriLLE,,,,,,
https://github.com/MillionIntegrals/vel,vel,,,,,,
https://github.com/MindPointGroup/django-saml2-pro-auth,django-saml2-pro-auth,,,,,,
https://github.com/MissiaL/hikvision-client,hikvision-client,,,,,,
https://github.com/MrLeeh/Flask-MQTT,Flask-MQTT,,,,,,
https://github.com/NCBI-Hackathons/LabPype,LabPype,,,,,,
https://github.com/NLP-Deeplearning-Club/keras_attention_block,keras_attention_block,,,,,,
https://github.com/NariKiro/sphinx-JDLinker,sphinx-JDLinker,,,,,,
https://github.com/NeuralEnsemble/MotionClouds,MotionClouds,,,,,,
https://github.com/NickCrews/ms5803py,ms5803py,,,,,,
https://github.com/NursErgesh/bitrix,bitrix,,,,,,
https://github.com/Overdrivr/pytelemetry,pytelemetry,,,,,,
https://github.com/PacificBiosciences/pbcommand,pbcommand,,,,,,
https://github.com/ParticulateSolutions/django-datafactory,django-datafactory,,,,,,
https://github.com/ParticulateSolutions/django-paydirekt,django-paydirekt,,,,,,
https://github.com/Patreon/cartographer,cartographer,,,,,,
https://github.com/Pawamoy/dependenpy,dependenpy,,,,,,
https://github.com/PerchLive/django-broadcast,django-broadcast,,,,,,
https://github.com/PierreRaybaut/PythonQwt,PythonQwt,,,,,,
https://github.com/Poogles/asynciomeasures,asynciomeasures,,,,,,
https://github.com/PrefectHQ/prefect,prefect,,,,,,
https://github.com/Project-Platypus/Rhodium,Rhodium,,,,,,
https://github.com/Psycojoker/redflyingbaron,redflyingbaron,,,,,,
https://github.com/Qwlouse/shapeguard,shapeguard,,,,,,
https://github.com/Rackspace-DOT/flask_oslolog,flask_oslolog,,,,,,
https://github.com/RazerM/odmpy,odmpy,,,,,,
https://github.com/Relrin/aiorest-ws,aiorest-ws,,,,,,
https://github.com/RevolutionTech/django-conditions,django-conditions,,,,,,
https://github.com/Rhathe/fixtureupper,fixtureupper,,,,,,
https://github.com/Robpol86/jira-context,jira-context,,,,,,
https://github.com/RutledgePaulV/django-commands,django-commands,,,,,,
https://github.com/RyanKung/klefki,klefki,,,,,,
https://github.com/SVilgelm/marshmallow-objects,marshmallow-objects,,,,,,
https://github.com/SaschaCowley/Markdown-Headdown,Markdown-Headdown,,,,,,
https://github.com/Scifabric/pybossa-onesignal,pybossa-onesignal,,,,,,
https://github.com/Sebubu/hueyx,hueyx,,,,,,
https://github.com/ShowMax/django-admin-page-lock,django-admin-page-lock,,,,,,
https://github.com/SimonBlanke/hyperactive,hyperactive,,,,,,
https://github.com/SimonGreenhill/phylogemetric,phylogemetric,,,,,,
https://github.com/StepicOrg/epicbox,epicbox,,,,,,
https://github.com/SuminAndrew/lxml-asserts,lxml-asserts,,,,,,
https://github.com/THeK3nger/yoshix,yoshix,,,,,,
https://github.com/TaceyWong/emojislib,emojislib,,,,,,
https://github.com/TadLeonard/tfatool,tfatool,,,,,,
https://github.com/Tatsh/ffmpeg-progress,ffmpeg-progress,,,,,,
https://github.com/Tehnix/cred-client,cred-client,,,,,,
https://github.com/TheSolvingMachine/kangrouter-py,kangrouter-py,,,,,,
https://github.com/Trii/NoseGAE,NoseGAE,,,,,,
https://github.com/VUIIS/seam,seam,,,,,,
https://github.com/WeCase/rpweibo,rpweibo,,,,,,
https://github.com/Wenzil/mdx_bleach,mdx_bleach,,,,,,
https://github.com/Xorcerer/pyxp,pyxp,,,,,,
https://github.com/Yatoom/Optimus,Optimus,,,,,,
https://github.com/Yelp/detect-secrets,detect-secrets,,,,,,
https://github.com/Yelp/py_zipkin,py_zipkin,,,,,,
https://github.com/YuriMalinov/django-pythonic-menu,django-pythonic-menu,,,,,,
https://github.com/ZhukovAlexander/django-jsonp,django-jsonp,,,,,,
https://github.com/ZhukovAlexander/lambdify,lambdify,,,,,,
https://github.com/abenassi/xlseries,xlseries,,,,,,
https://github.com/abnersn/bayesian_sgm,bayesian_sgm,,,,,,
https://github.com/acristoffers/ahio,ahio,,,,,,
https://github.com/actmd/zoomus,zoomus,,,,,,
https://github.com/adilosa/dynamo-json,dynamo-json,,,,,,
https://github.com/admiralobvious/flask-mysqldb,flask-mysqldb,,,,,,
https://github.com/admiralobvious/flask-simpleldap,flask-simpleldap,,,,,,
https://github.com/agalera/bottle-marshmallow,bottle-marshmallow,,,,,,
https://github.com/agamdua/mixtures,mixtures,,,,,,
https://github.com/agilegeeks/pyVies,pyVies,,,,,,
https://github.com/agroden/python-minimizer,python-minimizer,,,,,,
https://github.com/ah450/drf-nested-field-multipart,drf-nested-field-multipart,,,,,,
https://github.com/ahuang11/ahh,ahh,,,,,,
https://github.com/aisthesis/delayqueue,delayqueue,,,,,,
https://github.com/ajkxyz/cuda4py,cuda4py,,,,,,
https://github.com/ajkxyz/jpeg4py,jpeg4py,,,,,,
https://github.com/akelleh/causality,causality,,,,,,
https://github.com/albermax/innvestigate,innvestigate,,,,,,
https://github.com/aleju/imgaug,imgaug,,,,,,
https://github.com/aleneum/rsbhsm,rsbhsm,,,,,,
https://github.com/alexbarcelo/tad4bj,tad4bj,,,,,,
https://github.com/alexeyzotov/authkerb,authkerb,,,,,,
https://github.com/alfg/flask-conditional,flask-conditional,,,,,,
https://github.com/algolia/algoliasearch-django,algoliasearch-django,,,,,,
https://github.com/aliutkus/commonfate,commonfate,,,,,,
https://github.com/alttch/ttsbroker,ttsbroker,,,,,,
https://github.com/amancevice/influxalchemy,influxalchemy,,,,,,
https://github.com/amaotone/fennec,fennec,,,,,,
https://github.com/analysiscenter/batchflow,batchflow,,,,,,
https://github.com/andrewpmartinez/py-eve-chat-mon,py-eve-chat-mon,,,,,,
https://github.com/angstwad/trythatagain,trythatagain,,,,,,
https://github.com/anrosent/thinrpc,thinrpc,,,,,,
https://github.com/antfu/biconfigs,biconfigs,,,,,,
https://github.com/apgeorg/nfiniity_utils,nfiniity_utils,,,,,,
https://github.com/applauncher-team/mongoengine_bundle,mongoengine_bundle,,,,,,
https://github.com/apratheek/PyReactive,PyReactive,,,,,,
https://github.com/arnulfojr/sanic_apache_accesslogs,sanic_apache_accesslogs,,,,,,
https://github.com/arrrlo/Google-Images-Search,Google-Images-Search,,,,,,
https://github.com/arsham/django-cachedpaginator,django-cachedpaginator,,,,,,
https://github.com/arsham/django-searchbar,django-searchbar,,,,,,
https://github.com/arteymix/benchpy,benchpy,,,,,,
https://github.com/arthaud/formatstring,formatstring,,,,,,
https://github.com/astex/needs,needs,,,,,,
https://github.com/astrodsg/latbin,latbin,,,,,,
https://github.com/axiom-data-science/pyaxiom,pyaxiom,,,,,,
https://github.com/aykut/django-bulk-update,django-bulk-update,,,,,,
https://github.com/azag0/mona,mona,,,,,,
https://github.com/bachew/inkbot,inkbot,,,,,,
https://github.com/bashtage/arch,arch,,,,,,
https://github.com/bashtage/linearmodels,linearmodels,,,,,,
https://github.com/basler/pypylon,pypylon,,,,,,
https://github.com/batzner/tensorlm,tensorlm,,,,,,
https://github.com/bayandin/devtools-proxy,devtools-proxy,,,,,,
https://github.com/bb4242/sdnotify,sdnotify,,,,,,
https://github.com/bbengfort/confire,confire,,,,,,
https://github.com/bcho/fabric-bearychat,fabric-bearychat,,,,,,
https://github.com/benjamin-hodgson/poll,poll,,,,,,
https://github.com/benkrikler/valleydeight,valleydeight,,,,,,
https://github.com/benmurden/django-intl-tel-input,django-intl-tel-input,,,,,,
https://github.com/bennr01/benterfaces,benterfaces,,,,,,
https://github.com/bennr01/fbad,fbad,,,,,,
https://github.com/bentonstark/py-hsm,py-hsm,,,,,,
https://github.com/bethgelab/decompose,decompose,,,,,,
https://github.com/bfarr/prism,prism,,,,,,
https://github.com/bharadwaj-raju/cligenerator,cligenerator,,,,,,
https://github.com/binux/pyspider,pyspider,,,,,,
https://github.com/bitcraft/pyscroll,pyscroll,,,,,,
https://github.com/bitpanda-labs/loggo,loggo,,,,,,
https://github.com/blixt/py-starbound,py-starbound,,,,,,
https://github.com/blmoistawinde/HarvestText,HarvestText,,,,,,
https://github.com/bogliosimone/similaripy,similaripy,,,,,,
https://github.com/botify-labs/django-better-migrations,django-better-migrations,,,,,,
https://github.com/bparzella/secsgem,secsgem,,,,,,
https://github.com/bpietropaoli/unijson,unijson,,,,,,
https://github.com/brettlangdon/qw,qw,,,,,,
https://github.com/brews/erebusfall,erebusfall,,,,,,
https://github.com/brews/tellervo-python,tellervo-python,,,,,,
https://github.com/buddylindsey/django-third-party,django-third-party,,,,,,
https://github.com/c0yote/unittest-additions,unittest-additions,,,,,,
https://github.com/caleb531/automata,automata,,,,,,
https://github.com/calston/rhumba,rhumba,,,,,,
https://github.com/camptocamp/c2cwsgiutils,c2cwsgiutils,,,,,,
https://github.com/candeias/django-envcrypto,django-envcrypto,,,,,,
https://github.com/capless/warrant,warrant,,,,,,
https://github.com/caronc/pynzbget,pynzbget,,,,,,
https://github.com/caxap/redis-moment,redis-moment,,,,,,
https://github.com/cecton/findpg,findpg,,,,,,
https://github.com/centrifugal/centrifuge-python,centrifuge-python,,,,,,
https://github.com/chainreactionmfg/mutablerecords,mutablerecords,,,,,,
https://github.com/chamkank/hone,hone,,,,,,
https://github.com/chartbeat-labs/swailing,swailing,,,,,,
https://github.com/chengjun/scholarNetwork,scholarNetwork,,,,,,
https://github.com/chimpler/pyhocon,pyhocon,,,,,,
https://github.com/chrisforrette/python-bandsintown,python-bandsintown,,,,,,
https://github.com/christabor/flask_extras,flask_extras,,,,,,
https://github.com/cine-io/nested-query-string,nested-query-string,,,,,,
https://github.com/cleberzavadniak/lazywf,lazywf,,,,,,
https://github.com/clld/clld-glottologfamily-plugin,clld-glottologfamily-plugin,,,,,,
https://github.com/cmaugg/pystatemachine,pystatemachine,,,,,,
https://github.com/coady/placeholder,placeholder,,,,,,
https://github.com/codiumco/resync,resync,,,,,,
https://github.com/cogniteev/backache,backache,,,,,,
https://github.com/cogniteev/yamlious,yamlious,,,,,,
https://github.com/computational-antiquity/corpussearch,corpussearch,,,,,,
https://github.com/conan-io/conan-package-tools,conan-package-tools,,,,,,
https://github.com/conceptsandtraining/libtree,libtree,,,,,,
https://github.com/cristiansteib/crecaptcha,crecaptcha,,,,,,
https://github.com/csko/gdax-python-api,gdax-python-api,,,,,,
https://github.com/curtywang/zmqflp,zmqflp,,,,,,
https://github.com/dacut/rolemaker,rolemaker,,,,,,
https://github.com/danpaquin/GDAX-Python,GDAX-Python,,,,,,
https://github.com/datapythonista/mnist,mnist,,,,,,
https://github.com/datavisyn/lineup_widget,lineup_widget,,,,,,
https://github.com/davincif/simplestRPC,simplestRPC,,,,,,
https://github.com/daviskirk/groupbytime,groupbytime,,,,,,
https://github.com/debrouwere/datashell,datashell,,,,,,
https://github.com/deepmind/trfl,trfl,,,,,,
https://github.com/defnngj/poium,poium,,,,,,
https://github.com/defnngj/selenium-page-objects,selenium-page-objects,,,,,,
https://github.com/delapuente/mcpy,mcpy,,,,,,
https://github.com/deluxghost/ASF_IPC,ASF_IPC,,,,,,
https://github.com/denniskempin/safetynet,safetynet,,,,,,
https://github.com/denzow/ipymessenger,ipymessenger,,,,,,
https://github.com/dfee/aiohttp-graphql,aiohttp-graphql,,,,,,
https://github.com/dflook/python-minifier,python-minifier,,,,,,
https://github.com/dhilipsiva/orm-choices,orm-choices,,,,,,
https://github.com/dhiltonp/sqlalchemy_commithooks,sqlalchemy_commithooks,,,,,,
https://github.com/django-xxx/django-short-url,django-short-url,,,,,,
https://github.com/dkarchmer/django-rest-framework-client,django-rest-framework-client,,,,,,
https://github.com/dodiku/AudioOwl,AudioOwl,,,,,,
https://github.com/domlysi/django-mlcommenting,django-mlcommenting,,,,,,
https://github.com/draperunner/obt,obt,,,,,,
https://github.com/drudim/cqlsl,cqlsl,,,,,,
https://github.com/dwickstrom/fileversioninger,fileversioninger,,,,,,
https://github.com/eXascaleInfolab/PyExPool,PyExPool,,,,,,
https://github.com/ecolell/amphipathic,amphipathic,,,,,,
https://github.com/edigiacomo/django-statusboard,django-statusboard,,,,,,
https://github.com/edouardswiac/python-edgar,python-edgar,,,,,,
https://github.com/halfak/deep_merge,deep_merge,,,,,,
https://github.com/ekiro/haps,haps,,,,,,
https://github.com/elazar/pycopyql,pycopyql,,,,,,
https://github.com/eloylp/scirocco-pyclient,scirocco-pyclient,,,,,,
https://github.com/encode/sentry-asgi,sentry-asgi,,,,,,
https://github.com/encode/uvicorn,uvicorn,,,,,,
https://github.com/enigma-io/s3plz,s3plz,,,,,,
https://github.com/equinor/stea,stea,,,,,,
https://github.com/erans/fabric-aws-tools,fabric-aws-tools,,,,,,
https://github.com/erans/fabric-gce-tools,fabric-gce-tools,,,,,,
https://github.com/erans/fabric-slack-tools,fabric-slack-tools,,,,,,
https://github.com/ericsomdahl/python-bittrex,python-bittrex,,,,,,
https://github.com/erikdejonge/consoleprinter,consoleprinter,,,,,,
https://github.com/erwan-lemonnier/klue-microservice,klue-microservice,,,,,,
https://github.com/eshares/franz,franz,,,,,,
https://github.com/etsy/boundary-layer,boundary-layer,,,,,,
https://github.com/f213/richtypo.py,richtypo.py,,,,,,
https://github.com/fabiocaccamo/django-maintenance-mode,django-maintenance-mode,,,,,,
https://github.com/facciocose/django-italian-utils,django-italian-utils,,,,,,
https://github.com/fanhan/wechatpay,wechatpay,,,,,,
https://github.com/fanout/django-fanout,django-fanout,,,,,,
https://github.com/fanout/django-grip,django-grip,,,,,,
https://github.com/feiwencaho/dedis-cluster,dedis-cluster,,,,,,
https://github.com/ffeast/flask-dbshell,flask-dbshell,,,,,,
https://github.com/filestack/filestack-python,filestack-python,,,,,,
https://github.com/flammified/terrabot,terrabot,,,,,,
https://github.com/fujimotos/TinyFastSS,TinyFastSS,,,,,,
https://github.com/ganehag/pyMeterBus,pyMeterBus,,,,,,
https://github.com/gangverk/flask-swagger,flask-swagger,,,,,,
https://github.com/garstka/idact,idact,,,,,,
https://github.com/geekpradd/PyLyrics,PyLyrics,,,,,,
https://github.com/geops/redis-websocket-api,redis-websocket-api,,,,,,
https://github.com/geopython/pygeometa,pygeometa,,,,,,
https://github.com/getsentry/obs,obs,,,,,,
https://github.com/gi0baro/weppy,weppy,,,,,,
https://github.com/gkachru/django_lazy_admin,django_lazy_admin,,,,,,
https://github.com/gollth/ShutTUM,ShutTUM,,,,,,
https://github.com/google/checkers,checkers,,,,,,
https://github.com/google/pyringe,pyringe,,,,,,
https://github.com/google/python-fire,python-fire,,,,,,
https://github.com/gooofy/zamia-prolog,zamia-prolog,,,,,,
https://github.com/gorzechowski/flask-restly,flask-restly,,,,,,
https://github.com/gousaiyang/colorlabels,colorlabels,,,,,,
https://github.com/graphql-python/graphene-mongo,graphene-mongo,,,,,,
https://github.com/graphql-python/graphql-core,graphql-core,,,,,,
https://github.com/graphql-python/graphql-django-view,graphql-django-view,,,,,,
https://github.com/gregplaysguitar/django-pubtools,django-pubtools,,,,,,
https://github.com/guillotinaweb/guillotina_linkintegrity,guillotina_linkintegrity,,,,,,
https://github.com/guokr/asynx,asynx,,,,,,
https://github.com/guyskk/validater,validater,,,,,,
https://github.com/guyskk/validr,validr,,,,,,
https://github.com/gyzpunk/denonavr3312,denonavr3312,,,,,,
https://github.com/hachibeeDI/namedparser,namedparser,,,,,,
https://github.com/hadware/voxpopuli,voxpopuli,,,,,,
https://github.com/hall-lab/svtyper,svtyper,,,,,,
https://github.com/hamidfzm/Flask-HTMLmin,Flask-HTMLmin,,,,,,
https://github.com/hanguokai/youku,youku,,,,,,
https://github.com/hankcs/pyhanlp,pyhanlp,,,,,,
https://github.com/hbldh/lspopt,lspopt,,,,,,
https://github.com/hereischen/django-luoji-accounts,django-luoji-accounts,,,,,,
https://github.com/herrersystem/crog,crog,,,,,,
https://github.com/herrjemand/flask-fido-u2f,flask-fido-u2f,,,,,,
https://github.com/hhsecond/corenlp_pywrap,corenlp_pywrap,,,,,,
https://github.com/hiroaki-yamamoto/WTF-OTP,WTF-OTP,,,,,,
https://github.com/huggingface/neuralcoref,neuralcoref,,,,,,
https://github.com/hustcc/wrapcache,wrapcache,,,,,,
https://github.com/hyeon0145/namu-wiki-extractor,namu-wiki-extractor,,,,,,
https://github.com/i-machine-think/diagnnose,diagnnose,,,,,,
https://github.com/iamDecode/sklearn-pmml-model,sklearn-pmml-model,,,,,,
https://github.com/ibm-watson-data-lab/ibmseti,ibmseti,,,,,,
https://github.com/igalarzab/sqjobs,sqjobs,,,,,,
https://github.com/iljau/reloadex,reloadex,,,,,,
https://github.com/imwithye/flask-inject,flask-inject,,,,,,
https://github.com/incuna/django-model-logging,django-model-logging,,,,,,
https://github.com/incuna/django-pgcrypto-fields,django-pgcrypto-fields,,,,,,
https://github.com/inn0kenty/sanic_sse,sanic_sse,,,,,,
https://github.com/innodatalabs/lxmlx,lxmlx,,,,,,
https://github.com/inonit/drf-haystack,drf-haystack,,,,,,
https://github.com/inoryy/reaver,reaver,,,,,,
https://github.com/int8/monte-carlo-tree-search,monte-carlo-tree-search,,,,,,
https://github.com/inventive-ninja/interest,interest,,,,,,
https://github.com/iromli/tinykit,tinykit,,,,,,
https://github.com/isaacbernat/pycrastinate,pycrastinate,,,,,,
https://github.com/itkr/light-progress,light-progress,,,,,,
https://github.com/itslukej/zirc,zirc,,,,,,
https://github.com/jacebrowning/minilog,minilog,,,,,,
https://github.com/jacebrowning/yorm,yorm,,,,,,
https://github.com/janscas/flask-session-plus,flask-session-plus,,,,,,
https://github.com/jarny/genedataset,genedataset,,,,,,
https://github.com/jarrekk/imgkit,imgkit,,,,,,
https://github.com/jason-weirather/GSVA,GSVA,,,,,,
https://github.com/jason-weirather/pythologist,pythologist,,,,,,
https://github.com/javier-cabezas/figplotter,figplotter,,,,,,
https://github.com/jazzband/django-silk,django-silk,,,,,,
https://github.com/jbg/rabbitmq,rabbitmq,,,,,,
https://github.com/jbweston/miniver,miniver,,,,,,
https://github.com/jd-boyd/typednamedtuple,typednamedtuple,,,,,,
https://github.com/jdidion/xphyle,xphyle,,,,,,
https://github.com/jeancochrane/pytest-flask-sqlalchemy,pytest-flask-sqlalchemy,,,,,,
https://github.com/jeanralphaviles/comment_parser,comment_parser,,,,,,
https://github.com/jespino/anillo,anillo,,,,,,
https://github.com/jesuscast/scraptor,scraptor,,,,,,
https://github.com/jesusenlanet/django-nameko-standalone,django-nameko-standalone,,,,,,
https://github.com/jhgg/pybloof,pybloof,,,,,,
https://github.com/jhrmnn/knitj,knitj,,,,,,
https://github.com/jidn/flask-resteasy,flask-resteasy,,,,,,
https://github.com/jirutka/sublimedsl,sublimedsl,,,,,,
https://github.com/jlaska/pytest-ansible,pytest-ansible,,,,,,
https://github.com/jlaska/pytest-github,pytest-github,,,,,,
https://github.com/jlevy/strif,strif,,,,,,
https://github.com/joaovitorsilvestre/graphene-mongo,graphene-mongo,,,,,,
https://github.com/johnbywater/quantdsl,quantdsl,,,,,,
https://github.com/johnyf/dd,dd,,,,,,
https://github.com/jonasmalacofilho/liquidctl,liquidctl,,,,,,
https://github.com/jonogreenz/py-pushover-open-client,py-pushover-open-client,,,,,,
https://github.com/josefdlange/validict,validict,,,,,,
https://github.com/jossef/vmwc,vmwc,,,,,,
https://github.com/jreese/aql,aql,,,,,,
https://github.com/jrief/django-sass-processor,django-sass-processor,,,,,,
https://github.com/jsexauer/networkx_viewer,networkx_viewer,,,,,,
https://github.com/jsli/NIM_API_Python,NIM_API_Python,,,,,,
https://github.com/jstaf/ezldap,ezldap,,,,,,
https://github.com/jsvine/weightedcalcs,weightedcalcs,,,,,,
https://github.com/kamac/AskXML,AskXML,,,,,,
https://github.com/kazukiotsuka/mongobase,mongobase,,,,,,
https://github.com/kblomqvist/yasha,yasha,,,,,,
https://github.com/kbytesys/django-recaptcha2,django-recaptcha2,,,,,,
https://github.com/kbytesys/django_comuni_italiani,django_comuni_italiani,,,,,,
https://github.com/kenjyco/redis-helper,redis-helper,,,,,,
https://github.com/keotl/anachronos,anachronos,,,,,,
https://github.com/keotl/jivago,jivago,,,,,,
https://github.com/kevin1024/pytest-httpbin,pytest-httpbin,,,,,,
https://github.com/khufkens/daymetpy,daymetpy,,,,,,
https://github.com/kirankotari/shconfparser,shconfparser,,,,,,
https://github.com/kivy/oscpy,oscpy,,,,,,
https://github.com/klahnakoski/mo-hg,mo-hg,,,,,,
https://github.com/klahnakoski/mo-threads,mo-threads,,,,,,
https://github.com/klis87/django-cloudinary-storage,django-cloudinary-storage,,,,,,
https://github.com/kneitinger/RPiShift,RPiShift,,,,,,
https://github.com/knipknap/django-find,django-find,,,,,,
https://github.com/ko-zu/psl,psl,,,,,,
https://github.com/koala-team/serializer,serializer,,,,,,
https://github.com/kofrasa/flask-activerecord,flask-activerecord,,,,,,
https://github.com/koher/swifpy,swifpy,,,,,,
https://github.com/koji-kojiro/python-starter,python-starter,,,,,,
https://github.com/kootenpv/xdb,xdb,,,,,,
https://github.com/kootenpv/yagmail,yagmail,,,,,,
https://github.com/korfuri/django-prometheus,django-prometheus,,,,,,
https://github.com/krasch/quickargs,quickargs,,,,,,
https://github.com/kstep/pushybullet,pushybullet,,,,,,
https://github.com/kyan001/ping3,ping3,,,,,,
https://github.com/kzmake/pytest-terraform-fixture,pytest-terraform-fixture,,,,,,
https://github.com/lRomul/argus,argus,,,,,,
https://github.com/laike9m/ezcf,ezcf,,,,,,
https://github.com/lamarmeigs/django-clean-fields,django-clean-fields,,,,,,
https://github.com/laminko/mango,mango,,,,,,
https://github.com/larrabee/ebt,ebt,,,,,,
https://github.com/latera/hyaml,hyaml,,,,,,
https://github.com/lcordier/lcutil,lcutil,,,,,,
https://github.com/lecnim/cutest,cutest,,,,,,
https://github.com/leoetlino/evfl,evfl,,,,,,
https://github.com/leon-domingo/mydict,mydict,,,,,,
https://github.com/letmaik/rawpy,rawpy,,,,,,
https://github.com/lig/pyventory,pyventory,,,,,,
https://github.com/limexp/xgbfir,xgbfir,,,,,,
https://github.com/linkyndy/remodel,remodel,,,,,,
https://github.com/liran-funaro/objsize,objsize,,,,,,
https://github.com/lirsacc/py-gql,py-gql,,,,,,
https://github.com/littlecodersh/ItChat,ItChat,,,,,,
https://github.com/liubola/sangreal-db,sangreal-db,,,,,,
https://github.com/lixxu/sanic-motor,sanic-motor,,,,,,
https://github.com/lixxu/sanic-useragent,sanic-useragent,,,,,,
https://github.com/lmcgartland/graphene-file-upload,graphene-file-upload,,,,,,
https://github.com/loanzen/zen_document_parser,zen_document_parser,,,,,,
https://github.com/logandhead/ReactiPy,ReactiPy,,,,,,
https://github.com/loopbio/imgstore,imgstore,,,,,,
https://github.com/lordoftheflies/hydra-notebook,hydra-notebook,,,,,,
https://github.com/loverajoel/sqlalchemy-elasticquery,sqlalchemy-elasticquery,,,,,,
https://github.com/lposti/pyfJmod,pyfJmod,,,,,,
https://github.com/luckydonald/DictObject,DictObject,,,,,,
https://github.com/lukearno/runlog,runlog,,,,,,
https://github.com/luochen1990/ring_redis,ring_redis,,,,,,
https://github.com/lvieirajr/mongorest,mongorest,,,,,,
https://github.com/lyonyang/django-api-docs,django-api-docs,,,,,,
https://github.com/macbre/data-flow-graph,data-flow-graph,,,,,,
https://github.com/makimo/django-eav2,django-eav2,,,,,,
https://github.com/makingspace/django-light-enums,django-light-enums,,,,,,
https://github.com/makingspace/transmissions,transmissions,,,,,,
https://github.com/mallamanis/experimenter,experimenter,,,,,,
https://github.com/manatlan/wuy,wuy,,,,,,
https://github.com/mapbox/rio-color,rio-color,,,,,,
https://github.com/marcelomoraes28/pyramid-auto-env,pyramid-auto-env,,,,,,
https://github.com/marcinn/dsm,dsm,,,,,,
https://github.com/marl/autopool,autopool,,,,,,
https://github.com/marshmallow-code/django-rest-marshmallow,django-rest-marshmallow,,,,,,
https://github.com/marteinn/django-csvexport,django-csvexport,,,,,,
https://github.com/martin-sucha/justamodel,justamodel,,,,,,
https://github.com/martinsileno/pyrclib,pyrclib,,,,,,
https://github.com/masonlab/labdrivers,labdrivers,,,,,,
https://github.com/maspe36/json_typer,json_typer,,,,,,
https://github.com/masroore/pg_simple,pg_simple,,,,,,
https://github.com/mathur/modelstruct,modelstruct,,,,,,
https://github.com/matthewdowney/TogglPy,TogglPy,,,,,,
https://github.com/mattpaletta/threadlru,threadlru,,,,,,
https://github.com/maximumG/piapi,piapi,,,,,,
https://github.com/meain/mucri,mucri,,,,,,
https://github.com/mehdy/pyeez,pyeez,,,,,,
https://github.com/mehmetkose/tornado-uvloop,tornado-uvloop,,,,,,
https://github.com/melizalab/quickspikes,quickspikes,,,,,,
https://github.com/meraki-analytics/cassiopeia,cassiopeia,,,,,,
https://github.com/mertyildiran/Plexus,Plexus,,,,,,
https://github.com/meshy/django-conman,django-conman,,,,,,
https://github.com/meshy/framewirc,framewirc,,,,,,
https://github.com/messense/Flask-DjangoQuery,Flask-DjangoQuery,,,,,,
https://github.com/metjush/decision_tree,decision_tree,,,,,,
https://github.com/mewwts/addict,addict,,,,,,
https://github.com/mgrp/humanencoding,humanencoding,,,,,,
https://github.com/michael-yin/wagtail-whoosh,wagtail-whoosh,,,,,,
https://github.com/millerf/django-channels-jsonrpc,django-channels-jsonrpc,,,,,,
https://github.com/misli/django-verified-email-field,django-verified-email-field,,,,,,
https://github.com/mission-liao/pyswagger,pyswagger,,,,,,
https://github.com/mjirik/io3d,io3d,,,,,,
https://github.com/mmulqueen/odswriter,odswriter,,,,,,
https://github.com/mobiusklein/brainpy,brainpy,,,,,,
https://github.com/mollie/mollie-api-python,mollie-api-python,,,,,,
https://github.com/moonso/phizz-genes,phizz-genes,,,,,,
https://github.com/moonso/vcftoolbox,vcftoolbox,,,,,,
https://github.com/morishin/spinner,spinner,,,,,,
https://github.com/mortendahl/tf-encrypted,tf-encrypted,,,,,,
https://github.com/mosdef-hub/foyer,foyer,,,,,,
https://github.com/mozilla/jx-sqlite,jx-sqlite,,,,,,
https://github.com/mozilla/mozilla-cloud-services-logger,mozilla-cloud-services-logger,,,,,,
https://github.com/mtasic85/asyncwrap,asyncwrap,,,,,,
https://github.com/mtkennerly/clingy,clingy,,,,,,
https://github.com/muatik/flask-profiler,flask-profiler,,,,,,
https://github.com/mvdh7/pytzer,pytzer,,,,,,
https://github.com/mvn23/pyotgw,pyotgw,,,,,,
https://github.com/nathanielksmith/prosaic,prosaic,,,,,,
https://github.com/nbryans/notipymail,notipymail,,,,,,
https://github.com/ncatlabs/pydradis,pydradis,,,,,,
https://github.com/nchopin/particles,particles,,,,,,
https://github.com/ndrlslz/ternya,ternya,,,,,,
https://github.com/neumark/microcli,microcli,,,,,,
https://github.com/neurobin/mdx_include,mdx_include,,,,,,
https://github.com/neurobin/mdx_wikilink_plus,mdx_wikilink_plus,,,,,,
https://github.com/neurobin/rcslice,rcslice,,,,,,
https://github.com/newslynx/ifttt,ifttt,,,,,,
https://github.com/nezlooy/pyZZUF,pyZZUF,,,,,,
https://github.com/nicholasamorim/bigslacker,bigslacker,,,,,,
https://github.com/nicolasmiller/pyculiarity,pyculiarity,,,,,,
https://github.com/nikist97/Python-DataStructures,Python-DataStructures,,,,,,
https://github.com/niloch/iplotter,iplotter,,,,,,
https://github.com/ninapavlich/sitetest,sitetest,,,,,,
https://github.com/nir0s/pen,pen,,,,,,
https://github.com/nir0s/wryte,wryte,,,,,,
https://github.com/nirum/tableprint,tableprint,,,,,,
https://github.com/nitely/http-lazy-headers,http-lazy-headers,,,,,,
https://github.com/nitely/python-react-v8,python-react-v8,,,,,,
https://github.com/nitely/sakaio,sakaio,,,,,,
https://github.com/nleseul/ips_util,ips_util,,,,,,
https://github.com/nmasahiro/crfmnes,crfmnes,,,,,,
https://github.com/noahbenson/neuropythy,neuropythy,,,,,,
https://github.com/nocarryr/json-object-factory,json-object-factory,,,,,,
https://github.com/notti/fnfqueue,fnfqueue,,,,,,
https://github.com/nschloe/meshio,meshio,,,,,,
https://github.com/nschloe/meshplex,meshplex,,,,,,
https://github.com/nschloe/meshzoo,meshzoo,,,,,,
https://github.com/nschloe/pacopy,pacopy,,,,,,
https://github.com/nschloe/quadpy,quadpy,,,,,,
https://github.com/nttcslab-sp/kaldiio,kaldiio,,,,,,
https://github.com/numat/huber,huber,,,,,,
https://github.com/numat/midas,midas,,,,,,
https://github.com/numat/threeflex,threeflex,,,,,,
https://github.com/nuric/pedlar,pedlar,,,,,,
https://github.com/nxexox/python-rest-framework,python-rest-framework,,,,,,
https://github.com/nya3jp/end,end,,,,,,
https://github.com/oksome/Skink,Skink,,,,,,
https://github.com/olist/pactum,pactum,,,,,,
https://github.com/omni-digital/django-conditioner,django-conditioner,,,,,,
https://github.com/onecodex/chrononaut,chrononaut,,,,,,
https://github.com/onecodex/onecodex,onecodex,,,,,,
https://github.com/openatx/facebook-wda,facebook-wda,,,,,,
https://github.com/orlnub123/django-class-settings,django-class-settings,,,,,,
https://github.com/orsinium/deal,deal,,,,,,
https://github.com/oscarmcm/django-places,django-places,,,,,,
https://github.com/p-e-w/maybe,maybe,,,,,,
https://github.com/packethost/packet-python,packet-python,,,,,,
https://github.com/pan5431333/featuretools4s,featuretools4s,,,,,,
https://github.com/pancentric/django-imgix,django-imgix,,,,,,
https://github.com/pandas-profiling/pandas-profiling,pandas-profiling,,,,,,
https://github.com/papaemmelab/toil_container,toil_container,,,,,,
https://github.com/paperhive/ansible-ec2-inventory,ansible-ec2-inventory,,,,,,
https://github.com/pappasam/latexbuild,latexbuild,,,,,,
https://github.com/patarapolw/password_manager,password_manager,,,,,,
https://github.com/patrickmccallum/flask-prism,flask-prism,,,,,,
https://github.com/patrickporto/kant,kant,,,,,,
https://github.com/paulbrodersen/entropy_based_binning,entropy_based_binning,,,,,,
https://github.com/paulo-romano/attributetools,attributetools,,,,,,
https://github.com/pavanmishra/cup,cup,,,,,,
https://github.com/paveldedik/neon-py,neon-py,,,,,,
https://github.com/pekrau/CouchDB2,CouchDB2,,,,,,
https://github.com/phaethon/scapy,scapy,,,,,,
https://github.com/pharmbio/sciluigi,sciluigi,,,,,,
https://github.com/pikhovkin/null_object,null_object,,,,,,
https://github.com/pinax/pinax-waitinglist,pinax-waitinglist,,,,,,
https://github.com/pinetr2e/napkin,napkin,,,,,,
https://github.com/plaid/plaid-python,plaid-python,,,,,,
https://github.com/plaid/plaid-python-legacy,plaid-python-legacy,,,,,,
https://github.com/plizonczyk/noiseprotocol,noiseprotocol,,,,,,
https://github.com/pmelchior/proxmin,proxmin,,,,,,
https://github.com/portfoliome/postpy,postpy,,,,,,
https://github.com/pricingassistant/mrq,mrq,,,,,,
https://github.com/primal100/django_any_backend,django_any_backend,,,,,,
https://github.com/pszafer/epson_projector,epson_projector,,,,,,
https://github.com/ptav/django-simplecrud,django-simplecrud,,,,,,
https://github.com/pyecharts/pyecharts,pyecharts,,,,,,
https://github.com/pymacaron/pymacaron,pymacaron,,,,,,
https://github.com/pyopenapi/pyopenapi,pyopenapi,,,,,,
https://github.com/python-discord/django-simple-bulma,django-simple-bulma,,,,,,
https://github.com/python-ruia/ruia-pyppeteer,ruia-pyppeteer,,,,,,
https://github.com/python-ruia/ruia-ua,ruia-ua,,,,,,
https://github.com/quantopian/empyrical,empyrical,,,,,,
https://github.com/quantopian/qrisk,qrisk,,,,,,
https://github.com/quantopian/trading_calendars,trading_calendars,,,,,,
https://github.com/quantum5/optimize-later,optimize-later,,,,,,
https://github.com/qutech/vaunix_api,vaunix_api,,,,,,
https://github.com/qwiglydee/drf-mongo-filters,drf-mongo-filters,,,,,,
https://github.com/r4nx/rupdater,rupdater,,,,,,
https://github.com/rachekalmir/flask-jsonschema-ext,flask-jsonschema-ext,,,,,,
https://github.com/rai200890/flask_google_cloud_logger,flask_google_cloud_logger,,,,,,
https://github.com/raviqqe/tensorflow-qnd,tensorflow-qnd,,,,,,
https://github.com/raylu/pigwig,pigwig,,,,,,
https://github.com/rbgirshick/yacs,yacs,,,,,,
https://github.com/redhat-aqe/python-lightblue,python-lightblue,,,,,,
https://github.com/redzej/graphene-permissions,graphene-permissions,,,,,,
https://github.com/reecetech/pactman,pactman,,,,,,
https://github.com/rehabstudio/fbmessenger,fbmessenger,,,,,,
https://github.com/reiinakano/scikit-plot,scikit-plot,,,,,,
https://github.com/rhlobo/flask-bigtempo,flask-bigtempo,,,,,,
https://github.com/richardliaw/track,track,,,,,,
https://github.com/ricmoo/pycoind,pycoind,,,,,,
https://github.com/ricmoo/pyscrypt,pyscrypt,,,,,,
https://github.com/riga/tfdeploy,tfdeploy,,,,,,
https://github.com/rlishtaba/py-algorithms,py-algorithms,,,,,,
https://github.com/rmed/flask-waffleconf,flask-waffleconf,,,,,,
https://github.com/rmed/vidmaster,vidmaster,,,,,,
https://github.com/rmorlok/pytracts,pytracts,,,,,,
https://github.com/robdmc/consecution,consecution,,,,,,
https://github.com/robdmc/pandashells,pandashells,,,,,,
https://github.com/robertmartin8/PyPortfolioOpt,PyPortfolioOpt,,,,,,
https://github.com/robshakir/pyangbind,pyangbind,,,,,,
https://github.com/rock-learning/pytransform3d,pytransform3d,,,,,,
https://github.com/rodluger/planetplanet,planetplanet,,,,,,
https://github.com/rodrigodiez/adafruit_lcd_plate_menu,adafruit_lcd_plate_menu,,,,,,
https://github.com/rouk1/django-image-renderer,django-image-renderer,,,,,,
https://github.com/rugleb/jsoncomparison,jsoncomparison,,,,,,
https://github.com/saabeilin/sanic-secure-session,sanic-secure-session,,,,,,
https://github.com/salimfadhley/mt940,mt940,,,,,,
https://github.com/salsita/flask-config,flask-config,,,,,,
https://github.com/salsita/flask-ecstatic,flask-ecstatic,,,,,,
https://github.com/salsita/flask-run,flask-run,,,,,,
https://github.com/samuelmeuli/wikibase-api,wikibase-api,,,,,,
https://github.com/sancau/sherlog,sherlog,,,,,,
https://github.com/sassoo/goldman,goldman,,,,,,
https://github.com/scailer/drf-docs-from-tests,drf-docs-from-tests,,,,,,
https://github.com/scikit-hep/boost-histogram,boost-histogram,,,,,,
https://github.com/sciter-sdk/pysciter,pysciter,,,,,,
https://github.com/scivision/microbarometer,microbarometer,,,,,,
https://github.com/scivision/pymap3d,pymap3d,,,,,,
https://github.com/scivision/sciencedates,sciencedates,,,,,,
https://github.com/scivision/themisasi,themisasi,,,,,,
https://github.com/scuml/django-datatables,django-datatables,,,,,,
https://github.com/scuml/django-mail-panel,django-mail-panel,,,,,,
https://github.com/sdf611097/py-logger,py-logger,,,,,,
https://github.com/secnot/django-isbn-field,django-isbn-field,,,,,,
https://github.com/secnot/django-param-field,django-param-field,,,,,,
https://github.com/seme0021/python-zillow,python-zillow,,,,,,
https://github.com/seperman/deepdiff,deepdiff,,,,,,
https://github.com/shrikantpatnaik/Pi7SegPy,Pi7SegPy,,,,,,
https://github.com/shrikantpatnaik/PiShiftPy,PiShiftPy,,,,,,
https://github.com/sighalt/pyhooker,pyhooker,,,,,,
https://github.com/silviolleite/django-translation-flags,django-translation-flags,,,,,,
https://github.com/skoczen/django-seo-js,django-seo-js,,,,,,
https://github.com/smallcode/django-sae,django-sae,,,,,,
https://github.com/soasme/axe,axe,,,,,,
https://github.com/socrata/socrata-py,socrata-py,,,,,,
https://github.com/sodastsai/taskr,taskr,,,,,,
https://github.com/someus/TextRank4ZH,TextRank4ZH,,,,,,
https://github.com/songtao-git/wings-sanic,wings-sanic,,,,,,
https://github.com/soofaloofa/datastoredict,datastoredict,,,,,,
https://github.com/soofaloofa/gutter-appengine,gutter-appengine,,,,,,
https://github.com/sorenlind/lemmy,lemmy,,,,,,
https://github.com/space-physics/dascutils,dascutils,,,,,,
https://github.com/spacetelescope/verhawk,verhawk,,,,,,
https://github.com/spotify/shumway,shumway,,,,,,
https://github.com/springload/wagtailembedder,wagtailembedder,,,,,,
https://github.com/spyder-ide/docrepr,docrepr,,,,,,
https://github.com/spyder-ide/qtawesome,qtawesome,,,,,,
https://github.com/stargazer/django-model-validator,django-model-validator,,,,,,
https://github.com/stasfilin/fastread,fastread,,,,,,
https://github.com/steersbob/nesdict,nesdict,,,,,,
https://github.com/stefantalpalaru/generic_celery_task,generic_celery_task,,,,,,
https://github.com/stefanw/pandas-linker,pandas-linker,,,,,,
https://github.com/stellargraph/stellargraph,stellargraph,,,,,,
https://github.com/strahe/sanic-redis,sanic-redis,,,,,,
https://github.com/streed/pyConditions,pyConditions,,,,,,
https://github.com/suvitorg/django-ru-fields,django-ru-fields,,,,,,
https://github.com/swistakm/pyrilla,pyrilla,,,,,,
https://github.com/syrusakbary/promise,promise,,,,,,
https://github.com/tadashi-aikawa/owlmixin,owlmixin,,,,,,
https://github.com/tailwind/bdot,bdot,,,,,,
https://github.com/takehaya/peewee_seed,peewee_seed,,,,,,
https://github.com/tanjm/minipay,minipay,,,,,,
https://github.com/tartiflette/tartiflette-aiohttp,tartiflette-aiohttp,,,,,,
https://github.com/tbhartman/doorbell,doorbell,,,,,,
https://github.com/tbs1-bo/ioemu,ioemu,,,,,,
https://github.com/teaearlgraycold/puni,puni,,,,,,
https://github.com/teitei-tk/Flask-REST-Controller,Flask-REST-Controller,,,,,,
https://github.com/teitei-tk/Simple-AES-Cipher,Simple-AES-Cipher,,,,,,
https://github.com/tensorflow/adanet,adanet,,,,,,
https://github.com/tensorforce/tensorforce,tensorforce,,,,,,
https://github.com/testlabauto/local_selenium_pool,local_selenium_pool,,,,,,
https://github.com/tf-encrypted/tf-encrypted,tf-encrypted,,,,,,
https://github.com/tgalal/microbus,microbus,,,,,,
https://github.com/theherk/pinkopy,pinkopy,,,,,,
https://github.com/themantalope/uniprotmapper,uniprotmapper,,,,,,
https://github.com/thiagopbueno/rddlgym,rddlgym,,,,,,
https://github.com/thmercier/grid_toolkit,grid_toolkit,,,,,,
https://github.com/thomas9911/FunctionalCache,FunctionalCache,,,,,,
https://github.com/thruflo/pyramid_alchemy,pyramid_alchemy,,,,,,
https://github.com/thxo/cabrillo,cabrillo,,,,,,
https://github.com/tickleapp/submarine-githooks,submarine-githooks,,,,,,
https://github.com/tickleapp/tclocalizable,tclocalizable,,,,,,
https://github.com/timofurrer/confluo,confluo,,,,,,
https://github.com/titu1994/pyshac,pyshac,,,,,,
https://github.com/toaco/carry,carry,,,,,,
https://github.com/tomplus/kubernetes_asyncio,kubernetes_asyncio,,,,,,
https://github.com/transceptor-technology/trender,trender,,,,,,
https://github.com/treasure-data/luigi-td,luigi-td,,,,,,
https://github.com/treasure-data/pandas-td,pandas-td,,,,,,
https://github.com/treethought/flask-assistant,flask-assistant,,,,,,
https://github.com/trevorprater/pymorton,pymorton,,,,,,
https://github.com/truckpad/bottle-rest-serializer,bottle-rest-serializer,,,,,,
https://github.com/ttm/gmane,gmane,,,,,,
https://github.com/ttm/participation,participation,,,,,,
https://github.com/ttm/percolation,percolation,,,,,,
https://github.com/ttm/tokipona,tokipona,,,,,,
https://github.com/twaldear/flask-csp,flask-csp,,,,,,
https://github.com/twaldear/flask-secure-headers,flask-secure-headers,,,,,,
https://github.com/twitter/unishark,unishark,,,,,,
https://github.com/u1234x1234/tempenviron,tempenviron,,,,,,
https://github.com/ubergrape/django-abo,django-abo,,,,,,
https://github.com/ucl-exoplanets/pylightcurve,pylightcurve,,,,,,
https://github.com/umbrellaTech/pyaboleto,pyaboleto,,,,,,
https://github.com/unbit/pysftpserver,pysftpserver,,,,,,
https://github.com/unchained-capital/celery-enqueue,celery-enqueue,,,,,,
https://github.com/unhaggle/django-cronman,django-cronman,,,,,,
https://github.com/uranusjr/packaging-repositories,packaging-repositories,,,,,,
https://github.com/urbaniak/gaiohttp-websocket,gaiohttp-websocket,,,,,,
https://github.com/user-cont/conu,conu,,,,,,
https://github.com/vakorol/django-msgpackfield,django-msgpackfield,,,,,,
https://github.com/valdergallo/django-compress-field,django-compress-field,,,,,,
https://github.com/vgaicuks/slugifier,slugifier,,,,,,
https://github.com/vgrem/Office365-REST-Python-Client,Office365-REST-Python-Client,,,,,,
https://github.com/vinceau/browserplus,browserplus,,,,,,
https://github.com/vincentzhchen/redquill,redquill,,,,,,
https://github.com/vinco/fabutils,fabutils,,,,,,
https://github.com/vitalk/flask-apify,flask-apify,,,,,,
https://github.com/vittoriozamboni/django-groups-manager,django-groups-manager,,,,,,
https://github.com/vladcalin/fillmydb,fillmydb,,,,,,
https://github.com/vladignatyev/markovfsm,markovfsm,,,,,,
https://github.com/vmarkovtsev/udt4py,udt4py,,,,,,
https://github.com/vmico/pyco-mongo,pyco-mongo,,,,,,
https://github.com/vpoulailleau/simplelogging,simplelogging,,,,,,
https://github.com/vrcmarcos/elasticmock,elasticmock,,,,,,
https://github.com/vrde/logstats,logstats,,,,,,
https://github.com/w-gao/py-mcpe-query,py-mcpe-query,,,,,,
https://github.com/w-gao/py-mcpe-stats,py-mcpe-stats,,,,,,
https://github.com/wangtai/django_render,django_render,,,,,,
https://github.com/wattlebird/ranking,ranking,,,,,,
https://github.com/wbierbower/fauxgeo,fauxgeo,,,,,,
https://github.com/weidwonder/async-iter,async-iter,,,,,,
https://github.com/weixinfree/template,template,,,,,,
https://github.com/welbornprod/colr,colr,,,,,,
https://github.com/welchbj/sublemon,sublemon,,,,,,
https://github.com/what-studio/profiling,profiling,,,,,,
https://github.com/whimian/pyGeoPressure,pyGeoPressure,,,,,,
https://github.com/whisller/pyeventdispatcher,pyeventdispatcher,,,,,,
https://github.com/wijayaerick/klusterpy,klusterpy,,,,,,
https://github.com/wiliamsouza/echod,echod,,,,,,
https://github.com/winkidney/web_utils,web_utils,,,,,,
https://github.com/winstonwolff/expectorant,expectorant,,,,,,
https://github.com/wjszlachta/ig-streaming-client,ig-streaming-client,,,,,,
https://github.com/wkcn/mobula,mobula,,,,,,
https://github.com/woudc/woudc-extcsv,woudc-extcsv,,,,,,
https://github.com/wq/django-mustache,django-mustache,,,,,,
https://github.com/xmcp/pytrade,pytrade,,,,,,
https://github.com/xtream1101/cutil,cutil,,,,,,
https://github.com/yagami-cerberus/pysesame2,pysesame2,,,,,,
https://github.com/yashaka/selene,selene,,,,,,
https://github.com/ycharts/pycharts,pycharts,,,,,,
https://github.com/yetone/script-manager,script-manager,,,,,,
https://github.com/yhat/dummipy,dummipy,,,,,,
https://github.com/yoeo/mod,mod,,,,,,
https://github.com/yohanboniface/pytest-falcon,pytest-falcon,,,,,,
https://github.com/yola/proxyprefix,proxyprefix,,,,,,
https://github.com/youtux/pypebbleapi,pypebbleapi,,,,,,
https://github.com/yusugomori/tftf,tftf,,,,,,
https://github.com/zagaran/cronutils,cronutils,,,,,,
https://github.com/zanardo/zpgdb,zpgdb,,,,,,
https://github.com/zeaphoo/cocopot,cocopot,,,,,,
https://github.com/zerotk/zops,zops,,,,,,
https://github.com/zhaolins/su.aes,su.aes,,,,,,
https://github.com/zhenruyan/pythonGroupMsg,pythonGroupMsg,,,,,,
https://github.com/zhenruyan/redisGroupMsg,redisGroupMsg,,,,,,
https://github.com/ziadsawalha/poserbox,poserbox,,,,,,
https://github.com/ziadsawalha/redisbox,redisbox,,,,,,
https://github.com/zweifisch/biro,biro,,,,,,
https://github.com/zweifisch/klar,klar,,,,,,
https://github.com/Axilent/Ahem,Ahem,,,,,,
https://github.com/Bahus/easy_cache,easy_cache,,,,,,
https://github.com/CarvellScott/completion_utils,completion_utils,,,,,,
https://github.com/DallasMorningNews/django-rolodex,django-rolodex,,,,,,
https://github.com/DrrDom/pmapper,pmapper,,,,,,
https://github.com/EntilZha/ScalaFunctional,ScalaFunctional,,,,,,
https://github.com/Freakwill/pyparsing_ext,pyparsing_ext,,,,,,
https://github.com/GaryLee/cmdlet,cmdlet,,,,,,
https://github.com/GeoffreyChen777/TorchRecord,TorchRecord,,,,,,
https://github.com/Hasenpfote/malloc_tracer,malloc_tracer,,,,,,
https://github.com/Hrabal/TemPy,TemPy,,,,,,
https://github.com/Infinidat/infi.clickhouse_orm,infi.clickhouse_orm,,,,,,
https://github.com/LPgenerator/mattermost_bot,mattermost_bot,,,,,,
https://github.com/Macainian/Django-Maced,Django-Maced,,,,,,
https://github.com/MassimoCimmino/pygfunction,pygfunction,,,,,,
https://github.com/Netflix/repokid,repokid,,,,,,
https://github.com/NiaOrg/NiaPy,NiaPy,,,,,,
https://github.com/Projectplace/basepage,basepage,,,,,,
https://github.com/Qiskit/qiskit-aqua,qiskit-aqua,,,,,,
https://github.com/RegioHelden/django-datawatch,django-datawatch,,,,,,
https://github.com/RomelTorres/alpha_vantage,alpha_vantage,,,,,,
https://github.com/SegFaultAX/graffiti,graffiti,,,,,,
https://github.com/ShujiaHuang/geneview,geneview,,,,,,
https://github.com/SimonAlfie/fabricate,fabricate,,,,,,
https://github.com/VoIPGRID/cacofonisk,cacofonisk,,,,,,
https://github.com/aaronbiller/grnhse-api,grnhse-api,,,,,,
https://github.com/abogushov/django-admin-json-editor,django-admin-autocomplete-filter,,,,,,
https://github.com/alexhagen/pyg,pyg,,,,,,
https://github.com/antonagestam/nmap,nmap,,,,,,
https://github.com/aohan237/aplay,aplay,,,,,,
https://github.com/aschn/drf-tracking,drf-tracking,,,,,,
https://github.com/astronouth7303/ppb-mutant,ppb-mutant,,,,,,
https://github.com/astrorafael/twisted-mqtt,twisted-mqtt,,,,,,
https://github.com/beOn/varys,varys,,,,,,
https://github.com/beda-software/drf-writable-nested,drf-writable-nested,,,,,,
https://github.com/borzunov/alice_scripts,alice_scripts,,,,,,
https://github.com/catalyst-team/catalyst,catalyst,,,,,,
https://github.com/chainreactionmfg/cara,cara,,,,,,
https://github.com/coady/django-model-values,django-model-values,,,,,,
https://github.com/coady/multimethod,multimethod,,,,,,
https://github.com/condad/google-objects,google-objects,,,,,,
https://github.com/culshoefer/pyarxiv,pyarxiv,,,,,,
https://github.com/dashee87/cryptory,cryptory,,,,,,
https://github.com/diarmuidcwc/AcraNetwork,AcraNetwork,,,,,,
https://github.com/dodger487/dplython,dplython,,,,,,
https://github.com/duboviy/extdbg,extdbg,,,,,,
https://github.com/equinor/segyio,segyio,,,,,,
https://github.com/etingof/pysnmp,pysnmp,,,,,,
https://github.com/eyounx/ZOOpt,ZOOpt,,,,,,
https://github.com/facebook/fbtftp,fbtftp,,,,,,
https://github.com/facebookincubator/TestSlide,TestSlide,,,,,,
https://github.com/farhan0581/django-admin-autocomplete-filter,django-admin-autocomplete-filter,,,,,,
https://github.com/fchollet/keras,keras,,,,,,
https://github.com/fcracker79/accrocchio,accrocchio,,,,,,
https://github.com/fcracker79/pycomb,pycomb,,,,,,
https://github.com/fwkz/riposte,riposte,,,,,,
https://github.com/graphql-python/graphene-tornado,graphene-tornado,,,,,,
https://github.com/graphql-python/graphql-relay-py,graphql-relay-py,,,,,,
https://github.com/gregplaysguitar/django-eventtools,django-eventtools,,,,,,
https://github.com/guillaumevincent/smartconfigparser,smartconfigparser,,,,,,
https://github.com/imravishar/yaml2object,yaml2object,,,,,,
https://github.com/iredelmeier/snakespec,snakespec,,,,,,
https://github.com/jdidion/ngstream,ngstream,,,,,,
https://github.com/jdidion/pokrok,pokrok,,,,,,
https://github.com/jlevy/ghizmo,ghizmo,,,,,,
https://github.com/johntfoster/bspline,bspline,,,,,,
https://github.com/justheuristic/as_a_service,as_a_service,,,,,,
https://github.com/kennethlove/django-shapeshifter,django-shapeshifter,,,,,,
https://github.com/kennt/fixtest,fixtest,,,,,,
https://github.com/keras-team/keras,keras,,,,,,
https://github.com/keystonetowersystems/fuzzyfloat,fuzzyfloat,,,,,,
https://github.com/khufkens/gee_subset,gee_subset,,,,,,
https://github.com/konradhalas/buslane,buslane,,,,,,
https://github.com/kundajelab/genomelake,genomelake,,,,,,
https://github.com/letuananh/puchikarui,puchikarui,,,,,,
https://github.com/littlecodersh/trip,trip,,,,,,
https://github.com/lucidfrontier45/scikit-chainer,scikit-chainer,,,,,,
https://github.com/luckydonald/django-tarview,django-tarview,,,,,,
https://github.com/luckydonald/pytg,pytg,,,,,,
https://github.com/marcinn/restosaur,restosaur,,,,,,
https://github.com/marcinn/springy,springy,,,,,,
https://github.com/markovmodel/mdshare,mdshare,,,,,,
https://github.com/maykinmedia/djadyen,djadyen,,,,,,
https://github.com/mendrugory/torip,torip,,,,,,
https://github.com/mgraffg/EvoDAG,EvoDAG,,,,,,
https://github.com/mobify/iterstuff,iterstuff,,,,,,
https://github.com/mobiusklein/psims,psims,,,,,,
https://github.com/mtik00/obfuscator,obfuscator,,,,,,
https://github.com/nitely/django-infinite-scroll-pagination,django-infinite-scroll-pagination,,,,,,
https://github.com/nitely/emoji-unicode,emoji-unicode,,,,,,
https://github.com/nmasahiro/neldermead,neldermead,,,,,,
https://github.com/noahmorrison/chevron,chevron,,,,,,
https://github.com/nschloe/perfplot,perfplot,,,,,,
https://github.com/peterbe/django-html-validator,django-html-validator,,,,,,
https://github.com/pinax/pinax-images,pinax-images,,,,,,
https://github.com/pltrdy/rouge,rouge,,,,,,
https://github.com/prodicus/easyrbac,easyrbac,,,,,,
https://github.com/rasbt/mlxtend,mlxtend,,,,,,
https://github.com/rominf/profanity-filter,profanity-filter,,,,,,
https://github.com/ryancerf/scrapy-sqlitem,scrapy-sqlitem,,,,,,
https://github.com/sbdchd/flake8-pie,flake8-pie,,,,,,
https://github.com/scheunemann/pelican-bib,pelican-bib,,,,,,
https://github.com/sebastiandev/peach,peach,,,,,,
https://github.com/shaklev/django_select_image_field,django_select_image_field,,,,,,
https://github.com/shibing624/pycorrector,pycorrector,,,,,,
https://github.com/skibblenybbles/django-daydreamer,django-daydreamer,,,,,,
https://github.com/sspipe/sspipe,sspipe,,,,,,
https://github.com/stdogpkg/stdog,stdog,,,,,,
https://github.com/stefanw/scrapa,scrapa,,,,,,
https://github.com/swistakm/graceful,graceful,,,,,,
https://github.com/tawesoft/untrusted,untrusted,,,,,,
https://github.com/themantalope/pydendroheatmap,pydendroheatmap,,,,,,
https://github.com/thibault/django-zipview,django-zipview,,,,,,
https://github.com/thomasantony/simplepipe,simplepipe,,,,,,
https://github.com/tipsi/tipsi_tools,tipsi_tools,,,,,,
https://github.com/torchbox/wagtailsurveys,wagtailsurveys,,,,,,
https://github.com/transceptor-technology/pyleri,pyleri,,,,,,
https://github.com/vivek3141/ml,ml,,,,,,
https://github.com/w4k2/stream-learn,stream-learn,,,,,,
https://github.com/wharton/django-cybersource-hosted-checkout,django-cybersource-hosted-checkout,,,,,,
https://github.com/yandex-load/volta,volta,,,,,,
https://github.com/yusk/django-crudviewset,django-crudviewset,,,,,,
https://github.com/zeaphoo/budoc,budoc,,,,,,
https://github.com/AkihikoITOH/simab,simab,,,,,,
https://github.com/Freedomtowin/kernelml,kernelml,,,,,,
https://github.com/IEMLdev/ieml,ieml,,,,,,
https://github.com/MKuranowski/pyroutelib3,pyroutelib3,,,,,,
https://github.com/OblivionCloudControl/opvault,opvault,,,,,,
https://github.com/Qiskit/qiskit-ignis,qiskit-ignis,,,,,,
https://github.com/andrenarchy/pseudopy,pseudopy,,,,,,
https://github.com/bakwc/PySyncObj,PySyncObj,,,,,,
https://github.com/brunns/brunns-row,brunns-row,,,,,,
https://github.com/chenjiandongx/slipper,slipper,,,,,,
https://github.com/ciena/afkak,afkak,,,,,,
https://github.com/cirlabs/miditime,miditime,,,,,,
https://github.com/dhimmel/obonet,obonet,,,,,,
https://github.com/glue-viz/ds9norm,ds9norm,,,,,,
https://github.com/godatadriven/evol,evol,,,,,,
https://github.com/harveyormston/osc_gen,osc_gen,,,,,,
https://github.com/hosford42/pitchclock,pitchclock,,,,,,
https://github.com/igornfaustino/graphpy,graphpy,,,,,,
https://github.com/joshua-stone/DerPyBooru,DerPyBooru,,,,,,
https://github.com/kuszaj/claptcha,claptcha,,,,,,
https://github.com/littlecodersh/itchatmp,itchatmp,,,,,,
https://github.com/mdsol/requests-mauth,requests-mauth,,,,,,
https://github.com/mgrp/django-distill,django-distill,,,,,,
https://github.com/ntucllab/libact,libact,,,,,,
https://github.com/numirias/qtile-plasma,qtile-plasma,,,,,,
https://github.com/opendoor-labs/rets,rets,,,,,,
https://github.com/openvax/gtfparse,gtfparse,,,,,,
https://github.com/qwhex/multi_elo,multi_elo,,,,,,
https://github.com/rdaysky/streem,streem,,,,,,
https://github.com/rsc-dev/pbd,pbd,,,,,,
https://github.com/sildar/potara,potara,,,,,,
https://github.com/sopoforic/cgrr,cgrr,,,,,,
https://github.com/ssalentin/plip,plip,,,,,,
https://github.com/standage/tag,tag,,,,,,
